./bin/plant	--populate	--user	test	--pass	test	--db	cider	--fasta	GCF_000008505.1_ASM850v1_protein.faa	--taxid	1428	--source	NCBI	RefSeq	--type	DNA	--ver	GCA_000008505.1	--pub	NA	[Bacillus thuringiensis] serovar konkukian str. 97-27
./bin/plant	--populate	--user	test	--pass	test	--db	cider	--fasta	GCF_000191145.1_ASM19114v1_protein.faa	--taxid	871585	--source	NCBI	RefSeq	--type	DNA	--ver	GCA_000191145.1	--pub	NA	Acinetobacter pittii PHEA-2
./bin/plant	--populate	--user	test	--pass	test	--db	cider	--fasta	GCF_000014805.1_ASM1480v1_protein.faa	--taxid	380703	--source	NCBI	RefSeq	--type	DNA	--ver	GCA_000014805.1	--pub	NA	Aeromonas hydrophila subsp. hydrophila ATCC 7966
./bin/plant	--populate	--user	test	--pass	test	--db	cider	--fasta	GCF_000092025.1_ASM9202v1_protein.faa	--taxid	176299	--source	NCBI	RefSeq	--type	DNA	--ver	GCA_000092025.1	--pub	NA	Agrobacterium fabrum str. C58
./bin/plant	--populate	--user	test	--pass	test	--db	cider	--fasta	GCF_000011805.1_ASM1180v1_protein.faa	--taxid	312309	--source	NCBI	RefSeq	--type	DNA	--ver	GCA_000011805.1	--pub	NA	Aliivibrio fischeri ES114
./bin/plant	--populate	--user	test	--pass	test	--db	cider	--fasta	GCF_000196835.1_ASM19683v1_protein.faa	--taxid	749927	--source	NCBI	RefSeq	--type	DNA	--ver	GCA_000196835.1	--pub	NA	Amycolatopsis mediterranei U32
./bin/plant	--populate	--user	test	--pass	test	--db	cider	--fasta	GCF_000008625.1_ASM862v1_protein.faa	--taxid	224324	--source	NCBI	RefSeq	--type	DNA	--ver	GCA_000008625.1	--pub	NA	Aquifex aeolicus VF5
./bin/plant	--populate	--user	test	--pass	test	--db	cider	--fasta	GCF_000007845.1_ASM784v1_protein.faa	--taxid	198094	--source	NCBI	RefSeq	--type	DNA	--ver	GCA_000007845.1	--pub	NA	Bacillus anthracis str. Ames
./bin/plant	--populate	--user	test	--pass	test	--db	cider	--fasta	GCF_000008165.1_ASM816v1_protein.faa	--taxid	260799	--source	NCBI	RefSeq	--type	DNA	--ver	GCA_000008165.1	--pub	NA	Bacillus anthracis str. Sterne
./bin/plant	--populate	--user	test	--pass	test	--db	cider	--fasta	GCF_000007825.1_ASM782v1_protein.faa	--taxid	226900	--source	NCBI	RefSeq	--type	DNA	--ver	GCA_000007825.1	--pub	NA	Bacillus cereus ATCC 14579
./bin/plant	--populate	--user	test	--pass	test	--db	cider	--fasta	GCF_000009045.1_ASM904v1_protein.faa	--taxid	224308	--source	NCBI	RefSeq	--type	DNA	--ver	GCA_000009045.1	--pub	NA	Bacillus subtilis subsp. subtilis str. 168
./bin/plant	--populate	--user	test	--pass	test	--db	cider	--fasta	GCF_000009925.1_ASM992v1_protein.faa	--taxid	295405	--source	NCBI	RefSeq	--type	DNA	--ver	GCA_000009925.1	--pub	NA	Bacteroides fragilis YCH46
./bin/plant	--populate	--user	test	--pass	test	--db	cider	--fasta	GCF_000011065.1_ASM1106v1_protein.faa	--taxid	226186	--source	NCBI	RefSeq	--type	DNA	--ver	GCA_000011065.1	--pub	NA	Bacteroides thetaiotaomicron VPI-5482
./bin/plant	--populate	--user	test	--pass	test	--db	cider	--fasta	GCF_000165905.1_ASM16590v1_protein.faa	--taxid	702459	--source	NCBI	RefSeq	--type	DNA	--ver	GCA_000165905.1	--pub	NA	Bifidobacterium bifidum PRL2010
./bin/plant	--populate	--user	test	--pass	test	--db	cider	--fasta	GCF_000007525.1_ASM752v1_protein.faa	--taxid	206672	--source	NCBI	RefSeq	--type	DNA	--ver	GCA_000007525.1	--pub	NA	Bifidobacterium longum NCC2705
./bin/plant	--populate	--user	test	--pass	test	--db	cider	--fasta	GCF_000318015.1_ASM31801v1_protein.faa	--taxid	568707	--source	NCBI	RefSeq	--type	DNA	--ver	GCA_000318015.1	--pub	NA	Bordetella bronchiseptica 253
./bin/plant	--populate	--user	test	--pass	test	--db	cider	--fasta	GCF_000317935.1_ASM31793v1_protein.faa	--taxid	1208660	--source	NCBI	RefSeq	--type	DNA	--ver	GCA_000317935.1	--pub	NA	Bordetella parapertussis Bpp5
./bin/plant	--populate	--user	test	--pass	test	--db	cider	--fasta	GCF_000195715.1_ASM19571v1_protein.faa	--taxid	257313	--source	NCBI	RefSeq	--type	DNA	--ver	GCA_000195715.1	--pub	NA	Bordetella pertussis Tohama I
./bin/plant	--populate	--user	test	--pass	test	--db	cider	--fasta	GCF_000008685.2_ASM868v2_protein.faa	--taxid	224326	--source	NCBI	RefSeq	--type	DNA	--ver	GCA_000008685.2	--pub	NA	Borreliella burgdorferi B31
./bin/plant	--populate	--user	test	--pass	test	--db	cider	--fasta	GCF_000023405.1_ASM2340v1_protein.faa	--taxid	446465	--source	NCBI	RefSeq	--type	DNA	--ver	GCA_000023405.1	--pub	NA	Brachybacterium faecium DSM 4810
./bin/plant	--populate	--user	test	--pass	test	--db	cider	--fasta	GCF_000011365.1_ASM1136v1_protein.faa	--taxid	224911	--source	NCBI	RefSeq	--type	DNA	--ver	GCA_000011365.1	--pub	NA	Bradyrhizobium diazoefficiens USDA 110
./bin/plant	--populate	--user	test	--pass	test	--db	cider	--fasta	GCF_000009605.1_ASM960v1_protein.faa	--taxid	107806	--source	NCBI	RefSeq	--type	DNA	--ver	GCA_000009605.1	--pub	NA	Buchnera aphidicola str. APS (Acyrthosiphon pisum)
./bin/plant	--populate	--user	test	--pass	test	--db	cider	--fasta	GCF_000011705.1_ASM1170v1_protein.faa	--taxid	243160	--source	NCBI	RefSeq	--type	DNA	--ver	GCA_000011705.1	--pub	NA	Burkholderia mallei ATCC 23344
./bin/plant	--populate	--user	test	--pass	test	--db	cider	--fasta	GCF_000011545.1_ASM1154v1_protein.faa	--taxid	272560	--source	NCBI	RefSeq	--type	DNA	--ver	GCA_000011545.1	--pub	NA	Burkholderia pseudomallei K96243
./bin/plant	--populate	--user	test	--pass	test	--db	cider	--fasta	GCF_000009085.1_ASM908v1_protein.faa	--taxid	197	--source	NCBI	RefSeq	--type	DNA	--ver	GCA_000009085.1	--pub	NA	Campylobacter jejuni subsp. jejuni NCTC 11168 = ATCC 700819
./bin/plant	--populate	--user	test	--pass	test	--db	cider	--fasta	GCF_000006905.1_ASM690v1_protein.faa	--taxid	190650	--source	NCBI	RefSeq	--type	DNA	--ver	GCA_000006905.1	--pub	NA	Caulobacter vibrioides CB15
./bin/plant	--populate	--user	test	--pass	test	--db	cider	--fasta	GCF_000022005.1_ASM2200v1_protein.faa	--taxid	565050	--source	NCBI	RefSeq	--type	DNA	--ver	GCA_000022005.1	--pub	NA	Caulobacter vibrioides NA1000
./bin/plant	--populate	--user	test	--pass	test	--db	cider	--fasta	GCF_000008745.1_ASM874v1_protein.faa	--taxid	115713	--source	NCBI	RefSeq	--type	DNA	--ver	GCA_000008745.1	--pub	NA	Chlamydia pneumoniae CWL029
./bin/plant	--populate	--user	test	--pass	test	--db	cider	--fasta	GCF_000068585.1_ASM6858v1_protein.faa	--taxid	471472	--source	NCBI	RefSeq	--type	DNA	--ver	GCA_000068585.1	--pub	NA	Chlamydia trachomatis 434/Bu
./bin/plant	--populate	--user	test	--pass	test	--db	cider	--fasta	GCF_000008725.1_ASM872v1_protein.faa	--taxid	272561	--source	NCBI	RefSeq	--type	DNA	--ver	GCA_000008725.1	--pub	NA	Chlamydia trachomatis D/UW-3/CX
./bin/plant	--populate	--user	test	--pass	test	--db	cider	--fasta	GCF_000006985.1_ASM698v1_protein.faa	--taxid	194439	--source	NCBI	RefSeq	--type	DNA	--ver	GCA_000006985.1	--pub	NA	Chlorobaculum tepidum TLS
./bin/plant	--populate	--user	test	--pass	test	--db	cider	--fasta	GCF_000018865.1_ASM1886v1_protein.faa	--taxid	324602	--source	NCBI	RefSeq	--type	DNA	--ver	GCA_000018865.1	--pub	NA	Chloroflexus aurantiacus J-10-fl
./bin/plant	--populate	--user	test	--pass	test	--db	cider	--fasta	GCF_000009205.2_ASM920v2_protein.faa	--taxid	272563	--source	NCBI	RefSeq	--type	DNA	--ver	GCA_000009205.2	--pub	NA	Clostridioides difficile 630
./bin/plant	--populate	--user	test	--pass	test	--db	cider	--fasta	GCF_000008765.1_ASM876v1_protein.faa	--taxid	272562	--source	NCBI	RefSeq	--type	DNA	--ver	GCA_000008765.1	--pub	NA	Clostridium acetobutylicum ATCC 824
./bin/plant	--populate	--user	test	--pass	test	--db	cider	--fasta	GCF_000063585.1_ASM6358v1_protein.faa	--taxid	413999	--source	NCBI	RefSeq	--type	DNA	--ver	GCA_000063585.1	--pub	NA	Clostridium botulinum A str. ATCC 3502
./bin/plant	--populate	--user	test	--pass	test	--db	cider	--fasta	GCF_000017045.1_ASM1704v1_protein.faa	--taxid	441771	--source	NCBI	RefSeq	--type	DNA	--ver	GCA_000017045.1	--pub	NA	Clostridium botulinum A str. Hall
./bin/plant	--populate	--user	test	--pass	test	--db	cider	--fasta	GCF_000011325.1_ASM1132v1_protein.faa	--taxid	196627	--source	NCBI	RefSeq	--type	DNA	--ver	GCA_000011325.1	--pub	NA	Corynebacterium glutamicum ATCC 13032
./bin/plant	--populate	--user	test	--pass	test	--db	cider	--fasta	GCF_000007765.2_ASM776v2_protein.faa	--taxid	227377	--source	NCBI	RefSeq	--type	DNA	--ver	GCA_000007765.2	--pub	NA	Coxiella burnetii RSA 493
./bin/plant	--populate	--user	test	--pass	test	--db	cider	--fasta	GCF_000008565.1_ASM856v1_protein.faa	--taxid	243230	--source	NCBI	RefSeq	--type	DNA	--ver	GCA_000008565.1	--pub	NA	Deinococcus radiodurans R1
./bin/plant	--populate	--user	test	--pass	test	--db	cider	--fasta	GCF_000195755.1_ASM19575v1_protein.faa	--taxid	882	--source	NCBI	RefSeq	--type	DNA	--ver	GCA_000195755.1	--pub	NA	Desulfovibrio vulgaris str. Hildenborough
./bin/plant	--populate	--user	test	--pass	test	--db	cider	--fasta	GCF_000021645.1_ASM2164v1_protein.faa	--taxid	515635	--source	NCBI	RefSeq	--type	DNA	--ver	GCA_000021645.1	--pub	NA	Dictyoglomus turgidum DSM 6724
./bin/plant	--populate	--user	test	--pass	test	--db	cider	--fasta	GCF_000025565.1_ASM2556v1_protein.faa	--taxid	716541	--source	NCBI	RefSeq	--type	DNA	--ver	GCA_000025565.1	--pub	NA	Enterobacter cloacae subsp. cloacae ATCC 13047
./bin/plant	--populate	--user	test	--pass	test	--db	cider	--fasta	GCF_000007785.1_ASM778v1_protein.faa	--taxid	226185	--source	NCBI	RefSeq	--type	DNA	--ver	GCA_000007785.1	--pub	NA	Enterococcus faecalis V583
./bin/plant	--populate	--user	test	--pass	test	--db	cider	--fasta	GCF_000174395.2_ASM17439v2_protein.faa	--taxid	333849	--source	NCBI	RefSeq	--type	DNA	--ver	GCA_000174395.2	--pub	NA	Enterococcus faecium DO
./bin/plant	--populate	--user	test	--pass	test	--db	cider	--fasta	GCF_000026345.1_ASM2634v1_protein.faa	--taxid	585057	--source	NCBI	RefSeq	--type	DNA	--ver	GCA_000026345.1	--pub	NA	Escherichia coli IAI39
./bin/plant	--populate	--user	test	--pass	test	--db	cider	--fasta	GCF_000299455.1_ASM29945v1_protein.faa	--taxid	1133852	--source	NCBI	RefSeq	--type	DNA	--ver	GCA_000299455.1	--pub	NA	Escherichia coli O104:H4 str. 2011C-3493
./bin/plant	--populate	--user	test	--pass	test	--db	cider	--fasta	GCF_000008865.2_ASM886v2_protein.faa	--taxid	386585	--source	NCBI	RefSeq	--type	DNA	--ver	GCA_000008865.2	--pub	NA	Escherichia coli O157:H7 str. Sakai
./bin/plant	--populate	--user	test	--pass	test	--db	cider	--fasta	GCF_000183345.1_ASM18334v1_protein.faa	--taxid	685038	--source	NCBI	RefSeq	--type	DNA	--ver	GCA_000183345.1	--pub	NA	Escherichia coli O83:H1 str. NRG 857C
./bin/plant	--populate	--user	test	--pass	test	--db	cider	--fasta	GCF_000005845.2_ASM584v2_protein.faa	--taxid	511145	--source	NCBI	RefSeq	--type	DNA	--ver	GCA_000005845.2	--pub	NA	Escherichia coli str. K-12 substr. MG1655
./bin/plant	--populate	--user	test	--pass	test	--db	cider	--fasta	GCF_000026325.1_ASM2632v1_protein.faa	--taxid	585056	--source	NCBI	RefSeq	--type	DNA	--ver	GCA_000026325.2	--pub	NA	Escherichia coli UMN026
./bin/plant	--populate	--user	test	--pass	test	--db	cider	--fasta	GCF_000064305.2_ASM6430v2_protein.faa	--taxid	402612	--source	NCBI	RefSeq	--type	DNA	--ver	GCA_000064305.2	--pub	NA	Flavobacterium psychrophilum JIP02/86
./bin/plant	--populate	--user	test	--pass	test	--db	cider	--fasta	GCF_000008985.1_ASM898v1_protein.faa	--taxid	1754192	--source	NCBI	RefSeq	--type	DNA	--ver	GCA_000008985.1	--pub	NA	Francisella tularensis subsp. tularensis SCHU S4
./bin/plant	--populate	--user	test	--pass	test	--db	cider	--fasta	GCF_000007325.1_ASM732v1_protein.faa	--taxid	190304	--source	NCBI	RefSeq	--type	DNA	--ver	GCA_000007325.1	--pub	NA	Fusobacterium nucleatum subsp. nucleatum ATCC 25586
./bin/plant	--populate	--user	test	--pass	test	--db	cider	--fasta	GCF_000159155.2_ASM15915v2_protein.faa	--taxid	525284	--source	NCBI	RefSeq	--type	DNA	--ver	GCA_000159155.2	--pub	NA	Gardnerella vaginalis ATCC 14019
./bin/plant	--populate	--user	test	--pass	test	--db	cider	--fasta	GCF_000007985.2_ASM798v2_protein.faa	--taxid	243231	--source	NCBI	RefSeq	--type	DNA	--ver	GCA_000007985.2	--pub	NA	Geobacter sulfurreducens PCA
./bin/plant	--populate	--user	test	--pass	test	--db	cider	--fasta	GCF_000011385.1_ASM1138v1_protein.faa	--taxid	251221	--source	NCBI	RefSeq	--type	DNA	--ver	GCA_000011385.1	--pub	NA	Gloeobacter violaceus PCC 7421
./bin/plant	--populate	--user	test	--pass	test	--db	cider	--fasta	GCF_000027305.1_ASM2730v1_protein.faa	--taxid	71421	--source	NCBI	RefSeq	--type	DNA	--ver	GCA_000027305.1	--pub	NA	Haemophilus influenzae Rd KW20
./bin/plant	--populate	--user	test	--pass	test	--db	cider	--fasta	GCF_000008525.1_ASM852v1_protein.faa	--taxid	85962	--source	NCBI	RefSeq	--type	DNA	--ver	GCA_000008525.1	--pub	NA	Helicobacter pylori 26695
./bin/plant	--populate	--user	test	--pass	test	--db	cider	--fasta	GCF_000223375.1_ASM22337v1_protein.faa	--taxid	759362	--source	NCBI	RefSeq	--type	DNA	--ver	GCA_000223375.1	--pub	NA	Ketogulonicigenium vulgare WSH-001
./bin/plant	--populate	--user	test	--pass	test	--db	cider	--fasta	GCF_000215745.1_ASM21574v1_protein.faa	--taxid	1028307	--source	NCBI	RefSeq	--type	DNA	--ver	GCA_000215745.1	--pub	NA	Klebsiella aerogenes KCTC 2190
./bin/plant	--populate	--user	test	--pass	test	--db	cider	--fasta	GCF_000240185.1_ASM24018v2_protein.faa	--taxid	1125630	--source	NCBI	RefSeq	--type	DNA	--ver	GCA_000240185.2	--pub	NA	Klebsiella pneumoniae subsp. pneumoniae HS11286
./bin/plant	--populate	--user	test	--pass	test	--db	cider	--fasta	GCF_000011985.1_ASM1198v1_protein.faa	--taxid	272621	--source	NCBI	RefSeq	--type	DNA	--ver	GCA_000011985.1	--pub	NA	Lactobacillus acidophilus NCFM
./bin/plant	--populate	--user	test	--pass	test	--db	cider	--fasta	GCF_000014525.1_ASM1452v1_protein.faa	--taxid	321967	--source	NCBI	RefSeq	--type	DNA	--ver	GCA_000014525.1	--pub	NA	Lactobacillus paracasei ATCC 334
./bin/plant	--populate	--user	test	--pass	test	--db	cider	--fasta	GCF_000203855.3_ASM20385v3_protein.faa	--taxid	220668	--source	NCBI	RefSeq	--type	DNA	--ver	GCA_000203855.3	--pub	NA	Lactobacillus plantarum WCFS1
./bin/plant	--populate	--user	test	--pass	test	--db	cider	--fasta	GCF_000008925.1_ASM892v1_protein.faa	--taxid	362948	--source	NCBI	RefSeq	--type	DNA	--ver	GCA_000008925.1	--pub	NA	Lactobacillus salivarius UCC118
./bin/plant	--populate	--user	test	--pass	test	--db	cider	--fasta	GCF_000006865.1_ASM686v1_protein.faa	--taxid	272623	--source	NCBI	RefSeq	--type	DNA	--ver	GCA_000006865.1	--pub	NA	Lactococcus lactis subsp. lactis Il1403
./bin/plant	--populate	--user	test	--pass	test	--db	cider	--fasta	GCF_000008485.1_ASM848v1_protein.faa	--taxid	272624	--source	NCBI	RefSeq	--type	DNA	--ver	GCA_000008485.1	--pub	NA	Legionella pneumophila subsp. pneumophila str. Philadelphia 1
./bin/plant	--populate	--user	test	--pass	test	--db	cider	--fasta	GCF_000092565.1_ASM9256v1_protein.faa	--taxid	189518	--source	NCBI	RefSeq	--type	DNA	--ver	GCA_000092565.1	--pub	NA	Leptospira interrogans serovar Lai str. 56601
./bin/plant	--populate	--user	test	--pass	test	--db	cider	--fasta	GCF_000196035.1_ASM19603v1_protein.faa	--taxid	169963	--source	NCBI	RefSeq	--type	DNA	--ver	GCA_000196035.1	--pub	NA	Listeria monocytogenes EGD-e
./bin/plant	--populate	--user	test	--pass	test	--db	cider	--fasta	GCF_000008305.1_ASM830v1_protein.faa	--taxid	265311	--source	NCBI	RefSeq	--type	DNA	--ver	GCA_000008305.1	--pub	NA	Mesoplasma florum L1
./bin/plant	--populate	--user	test	--pass	test	--db	cider	--fasta	GCF_000185905.1_ASM18590v1_protein.faa	--taxid	765698	--source	NCBI	RefSeq	--type	DNA	--ver	GCA_000185905.1	--pub	NA	Mesorhizobium ciceri biovar biserrulae WSM1271
./bin/plant	--populate	--user	test	--pass	test	--db	cider	--fasta	GCF_000013105.1_ASM1310v1_protein.faa	--taxid	264732	--source	NCBI	RefSeq	--type	DNA	--ver	GCA_000013105.1	--pub	NA	Moorella thermoacetica ATCC 39073
./bin/plant	--populate	--user	test	--pass	test	--db	cider	--fasta	GCF_000195855.1_ASM19585v1_protein.faa	--taxid	272631	--source	NCBI	RefSeq	--type	DNA	--ver	GCA_000195855.1	--pub	NA	Mycobacterium leprae TN
./bin/plant	--populate	--user	test	--pass	test	--db	cider	--fasta	GCF_000195955.2_ASM19595v2_protein.faa	--taxid	83332	--source	NCBI	RefSeq	--type	DNA	--ver	GCA_000195955.2	--pub	NA	Mycobacterium tuberculosis H37Rv
./bin/plant	--populate	--user	test	--pass	test	--db	cider	--fasta	GCF_000195835.2_ASM19583v2_protein.faa	--taxid	233413	--source	NCBI	RefSeq	--type	DNA	--ver	GCA_000195835.2	--pub	NA	Mycobacterium tuberculosis variant bovis AF2122/97
./bin/plant	--populate	--user	test	--pass	test	--db	cider	--fasta	GCF_000069185.1_ASM6918v1_protein.faa	--taxid	561007	--source	NCBI	RefSeq	--type	DNA	--ver	GCA_000069185.1	--pub	NA	Mycobacteroides abscessus ATCC 19977
./bin/plant	--populate	--user	test	--pass	test	--db	cider	--fasta	GCF_000015005.1_ASM1500v1_protein.faa	--taxid	246196	--source	NCBI	RefSeq	--type	DNA	--ver	GCA_000015005.1	--pub	NA	Mycolicibacterium smegmatis MC2 155
./bin/plant	--populate	--user	test	--pass	test	--db	cider	--fasta	GCF_000011445.1_ASM1144v1_protein.faa	--taxid	2102	--source	NCBI	RefSeq	--type	DNA	--ver	GCA_000011445.1	--pub	NA	Mycoplasma mycoides subsp. mycoides SC str. PG1
./bin/plant	--populate	--user	test	--pass	test	--db	cider	--fasta	GCF_000027345.1_ASM2734v1_protein.faa	--taxid	272634	--source	NCBI	RefSeq	--type	DNA	--ver	GCA_000027345.1	--pub	NA	Mycoplasma pneumoniae M129
./bin/plant	--populate	--user	test	--pass	test	--db	cider	--fasta	GCF_000006845.1_ASM684v1_protein.faa	--taxid	242231	--source	NCBI	RefSeq	--type	DNA	--ver	GCA_000006845.1	--pub	NA	Neisseria gonorrhoeae FA 1090
./bin/plant	--populate	--user	test	--pass	test	--db	cider	--fasta	GCF_000008805.1_ASM880v1_protein.faa	--taxid	122586	--source	NCBI	RefSeq	--type	DNA	--ver	GCA_000008805.1	--pub	NA	Neisseria meningitidis MC58
./bin/plant	--populate	--user	test	--pass	test	--db	cider	--fasta	GCF_000007925.1_ASM792v1_protein.faa	--taxid	167539	--source	NCBI	RefSeq	--type	DNA	--ver	GCA_000007925.1	--pub	NA	Prochlorococcus marinus subsp. marinus str. CCMP1375
./bin/plant	--populate	--user	test	--pass	test	--db	cider	--fasta	GCF_000006765.1_ASM676v1_protein.faa	--taxid	208964	--source	NCBI	RefSeq	--type	DNA	--ver	GCA_000006765.1	--pub	NA	Pseudomonas aeruginosa PAO1
./bin/plant	--populate	--user	test	--pass	test	--db	cider	--fasta	GCF_000007565.2_ASM756v2_protein.faa	--taxid	160488	--source	NCBI	RefSeq	--type	DNA	--ver	GCA_000007565.2	--pub	NA	Pseudomonas putida KT2440
./bin/plant	--populate	--user	test	--pass	test	--db	cider	--fasta	GCF_000012245.1_ASM1224v1_protein.faa	--taxid	205918	--source	NCBI	RefSeq	--type	DNA	--ver	GCA_000012245.1	--pub	NA	Pseudomonas syringae pv. syringae B728a
./bin/plant	--populate	--user	test	--pass	test	--db	cider	--fasta	GCF_000007805.1_ASM780v1_protein.faa	--taxid	223283	--source	NCBI	RefSeq	--type	DNA	--ver	GCA_000007805.1	--pub	NA	Pseudomonas syringae pv. tomato str. DC3000
./bin/plant	--populate	--user	test	--pass	test	--db	cider	--fasta	GCF_000012905.2_ASM1290v2_protein.faa	--taxid	272943	--source	NCBI	RefSeq	--type	DNA	--ver	GCA_000012905.2	--pub	NA	Rhodobacter sphaeroides 2.4.1
./bin/plant	--populate	--user	test	--pass	test	--db	cider	--fasta	GCF_000196115.1_ASM19611v1_protein.faa	--taxid	243090	--source	NCBI	RefSeq	--type	DNA	--ver	GCA_000196115.1	--pub	NA	Rhodopirellula baltica SH 1
./bin/plant	--populate	--user	test	--pass	test	--db	cider	--fasta	GCF_000013085.1_ASM1308v1_protein.faa	--taxid	269796	--source	NCBI	RefSeq	--type	DNA	--ver	GCA_000013085.1	--pub	NA	Rhodospirillum rubrum ATCC 11170
./bin/plant	--populate	--user	test	--pass	test	--db	cider	--fasta	GCF_000195735.1_ASM19573v1_protein.faa	--taxid	272947	--source	NCBI	RefSeq	--type	DNA	--ver	GCA_000195735.1	--pub	NA	Rickettsia prowazekii str. Madrid E
./bin/plant	--populate	--user	test	--pass	test	--db	cider	--fasta	GCF_000013045.1_ASM1304v1_protein.faa	--taxid	309807	--source	NCBI	RefSeq	--type	DNA	--ver	GCA_000013045.1	--pub	NA	Salinibacter ruber DSM 13855
./bin/plant	--populate	--user	test	--pass	test	--db	cider	--fasta	GCF_000195995.1_ASM19599v1_protein.faa	--taxid	28901	--source	NCBI	RefSeq	--type	DNA	--ver	GCA_000195995.1	--pub	NA	Salmonella enterica subsp. enterica serovar Typhi str. CT18
./bin/plant	--populate	--user	test	--pass	test	--db	cider	--fasta	GCF_000006945.2_ASM694v2_protein.faa	--taxid	1457319	--source	NCBI	RefSeq	--type	DNA	--ver	GCA_000006945.2	--pub	NA	Salmonella enterica subsp. enterica serovar Typhimurium str. LT2
./bin/plant	--populate	--user	test	--pass	test	--db	cider	--fasta	GCF_000146165.2_ASM14616v2_protein.faa	--taxid	211586	--source	NCBI	RefSeq	--type	DNA	--ver	GCA_000146165.2	--pub	NA	Shewanella oneidensis MR-1
./bin/plant	--populate	--user	test	--pass	test	--db	cider	--fasta	GCF_000012005.1_ASM1200v1_protein.faa	--taxid	300267	--source	NCBI	RefSeq	--type	DNA	--ver	GCA_000012005.1	--pub	NA	Shigella dysenteriae Sd197
./bin/plant	--populate	--user	test	--pass	test	--db	cider	--fasta	GCF_000006925.2_ASM692v2_protein.faa	--taxid	198214	--source	NCBI	RefSeq	--type	DNA	--ver	GCA_000006925.2	--pub	NA	Shigella flexneri 2a str. 301
./bin/plant	--populate	--user	test	--pass	test	--db	cider	--fasta	GCF_000018545.1_ASM1854v1_protein.faa	--taxid	394	--source	NCBI	RefSeq	--type	DNA	--ver	GCA_000018545.1	--pub	NA	Sinorhizobium fredii NGR234
./bin/plant	--populate	--user	test	--pass	test	--db	cider	--fasta	GCF_000017145.1_ASM1714v1_protein.faa	--taxid	366394	--source	NCBI	RefSeq	--type	DNA	--ver	GCA_000017145.1	--pub	NA	Sinorhizobium medicae WSM419
./bin/plant	--populate	--user	test	--pass	test	--db	cider	--fasta	GCF_000006965.1_ASM696v1_protein.faa	--taxid	266834	--source	NCBI	RefSeq	--type	DNA	--ver	GCA_000006965.1	--pub	NA	Sinorhizobium meliloti 1021
./bin/plant	--populate	--user	test	--pass	test	--db	cider	--fasta	GCF_000013425.1_ASM1342v1_protein.faa	--taxid	93061	--source	NCBI	RefSeq	--type	DNA	--ver	GCA_000013425.1	--pub	NA	Staphylococcus aureus subsp. aureus NCTC 8325
./bin/plant	--populate	--user	test	--pass	test	--db	cider	--fasta	GCF_000007645.1_ASM764v1_protein.faa	--taxid	176280	--source	NCBI	RefSeq	--type	DNA	--ver	GCA_000007645.1	--pub	NA	Staphylococcus epidermidis ATCC 12228
./bin/plant	--populate	--user	test	--pass	test	--db	cider	--fasta	GCF_000007265.1_ASM726v1_protein.faa	--taxid	208435	--source	NCBI	RefSeq	--type	DNA	--ver	GCA_000007265.1	--pub	NA	Streptococcus agalactiae 2603V/R
./bin/plant	--populate	--user	test	--pass	test	--db	cider	--fasta	GCF_000027165.1_ASM2716v1_protein.faa	--taxid	365659	--source	NCBI	RefSeq	--type	DNA	--ver	GCA_000027165.1	--pub	NA	Streptococcus mitis B6
./bin/plant	--populate	--user	test	--pass	test	--db	cider	--fasta	GCF_000007465.2_ASM746v2_protein.faa	--taxid	210007	--source	NCBI	RefSeq	--type	DNA	--ver	GCA_000007465.2	--pub	NA	Streptococcus mutans UA159
./bin/plant	--populate	--user	test	--pass	test	--db	cider	--fasta	GCF_000007045.1_ASM704v1_protein.faa	--taxid	171101	--source	NCBI	RefSeq	--type	DNA	--ver	GCA_000007045.1	--pub	NA	Streptococcus pneumoniae R6
./bin/plant	--populate	--user	test	--pass	test	--db	cider	--fasta	GCF_000006785.2_ASM678v2_protein.faa	--taxid	160490	--source	NCBI	RefSeq	--type	DNA	--ver	GCA_000006785.2	--pub	NA	Streptococcus pyogenes M1 GAS
./bin/plant	--populate	--user	test	--pass	test	--db	cider	--fasta	GCF_000014205.1_ASM1420v1_protein.faa	--taxid	388919	--source	NCBI	RefSeq	--type	DNA	--ver	GCA_000014205.1	--pub	NA	Streptococcus sanguinis SK36
./bin/plant	--populate	--user	test	--pass	test	--db	cider	--fasta	GCF_000026745.1_ASM2674v1_protein.faa	--taxid	568814	--source	NCBI	RefSeq	--type	DNA	--ver	GCA_000026745.1	--pub	NA	Streptococcus suis BM407
./bin/plant	--populate	--user	test	--pass	test	--db	cider	--fasta	GCF_000203835.1_ASM20383v1_protein.faa	--taxid	1902	--source	NCBI	RefSeq	--type	DNA	--ver	GCA_000203835.1	--pub	NA	Streptomyces coelicolor A3(2)
./bin/plant	--populate	--user	test	--pass	test	--db	cider	--fasta	GCF_000024905.1_ASM2490v1_protein.faa	--taxid	525903	--source	NCBI	RefSeq	--type	DNA	--ver	GCA_000024905.1	--pub	NA	Thermanaerovibrio acidaminovorans DSM 6589
./bin/plant	--populate	--user	test	--pass	test	--db	cider	--fasta	GCF_000020985.1_ASM2098v1_protein.faa	--taxid	289376	--source	NCBI	RefSeq	--type	DNA	--ver	GCA_000020985.1	--pub	NA	Thermodesulfovibrio yellowstonii DSM 11347
./bin/plant	--populate	--user	test	--pass	test	--db	cider	--fasta	GCF_000011345.1_ASM1134v1_protein.faa	--taxid	197221	--source	NCBI	RefSeq	--type	DNA	--ver	GCA_000011345.1	--pub	NA	Thermosynechococcus elongatus BP-1
./bin/plant	--populate	--user	test	--pass	test	--db	cider	--fasta	GCF_000008545.1_ASM854v1_protein.faa	--taxid	243274	--source	NCBI	RefSeq	--type	DNA	--ver	GCA_000008545.1	--pub	NA	Thermotoga maritima MSB8
./bin/plant	--populate	--user	test	--pass	test	--db	cider	--fasta	GCF_000091545.1_ASM9154v1_protein.faa	--taxid	300852	--source	NCBI	RefSeq	--type	DNA	--ver	GCA_000091545.1	--pub	NA	Thermus thermophilus HB8
./bin/plant	--populate	--user	test	--pass	test	--db	cider	--fasta	GCF_000008185.1_ASM818v1_protein.faa	--taxid	243275	--source	NCBI	RefSeq	--type	DNA	--ver	GCA_000008185.1	--pub	NA	Treponema denticola ATCC 35405
./bin/plant	--populate	--user	test	--pass	test	--db	cider	--fasta	GCF_000006745.1_ASM674v1_protein.faa	--taxid	243277	--source	NCBI	RefSeq	--type	DNA	--ver	GCA_000006745.1	--pub	NA	Vibrio cholerae O1 biovar El Tor str. N16961
./bin/plant	--populate	--user	test	--pass	test	--db	cider	--fasta	GCF_000196095.1_ASM19609v1_protein.faa	--taxid	223926	--source	NCBI	RefSeq	--type	DNA	--ver	GCA_000196095.1	--pub	NA	Vibrio parahaemolyticus RIMD 2210633
./bin/plant	--populate	--user	test	--pass	test	--db	cider	--fasta	GCF_000007145.1_ASM714v1_protein.faa	--taxid	190485	--source	NCBI	RefSeq	--type	DNA	--ver	GCA_000007145.1	--pub	NA	Xanthomonas campestris pv. campestris str. ATCC 33913
./bin/plant	--populate	--user	test	--pass	test	--db	cider	--fasta	GCF_000009345.1_ASM934v1_protein.faa	--taxid	393305	--source	NCBI	RefSeq	--type	DNA	--ver	GCA_000009345.1	--pub	NA	Yersinia enterocolitica subsp. enterocolitica 8081
./bin/plant	--populate	--user	test	--pass	test	--db	cider	--fasta	GCF_000009065.1_ASM906v1_protein.faa	--taxid	214092	--source	NCBI	RefSeq	--type	DNA	--ver	GCA_000009065.1	--pub	NA	Yersinia pestis CO92
./bin/plant	--populate	--user	test	--pass	test	--db	cider	--fasta	GCF_000213215.1_ASM21321v1_protein.faa	--taxid	933801	--source	NCBI	RefSeq	--type	DNA	--ver	GCA_000213215.1	--pub	NA	Acidianus hospitalis W1
./bin/plant	--populate	--user	test	--pass	test	--db	cider	--fasta	GCF_000144915.1_ASM14491v1_protein.faa	--taxid	666510	--source	NCBI	RefSeq	--type	DNA	--ver	GCA_000144915.1	--pub	NA	Acidilobus saccharovorans 345-15
./bin/plant	--populate	--user	test	--pass	test	--db	cider	--fasta	GCF_000025665.1_ASM2566v1_protein.faa	--taxid	439481	--source	NCBI	RefSeq	--type	DNA	--ver	GCA_000025665.1	--pub	NA	Aciduliprofundum boonei T469
./bin/plant	--populate	--user	test	--pass	test	--db	cider	--fasta	GCF_000008665.1_ASM866v1_protein.faa	--taxid	224325	--source	NCBI	RefSeq	--type	DNA	--ver	GCA_000008665.1	--pub	NA	Archaeoglobus fulgidus DSM 4304
./bin/plant	--populate	--user	test	--pass	test	--db	cider	--fasta	GCF_000025285.1_ASM2528v1_protein.faa	--taxid	572546	--source	NCBI	RefSeq	--type	DNA	--ver	GCA_000025285.1	--pub	NA	Archaeoglobus profundus DSM 5631
./bin/plant	--populate	--user	test	--pass	test	--db	cider	--fasta	GCF_000385565.1_ASM38556v1_protein.faa	--taxid	387631	--source	NCBI	RefSeq	--type	DNA	--ver	GCA_000385565.1	--pub	NA	Archaeoglobus sulfaticallidus PM70-1
./bin/plant	--populate	--user	test	--pass	test	--db	cider	--fasta	GCF_000194625.1_ASM19462v1_protein.faa	--taxid	693661	--source	NCBI	RefSeq	--type	DNA	--ver	GCA_000194625.1	--pub	NA	Archaeoglobus veneficus SNP6
./bin/plant	--populate	--user	test	--pass	test	--db	cider	--fasta	GCF_000317795.1_ASM31779v1_protein.faa	--taxid	1056495	--source	NCBI	RefSeq	--type	DNA	--ver	GCA_000317795.1	--pub	NA	Caldisphaera lagunensis DSM 15908
./bin/plant	--populate	--user	test	--pass	test	--db	cider	--fasta	GCF_000018305.1_ASM1830v1_protein.faa	--taxid	397948	--source	NCBI	RefSeq	--type	DNA	--ver	GCA_000018305.1	--pub	NA	Caldivirga maquilingensis IC-167
./bin/plant	--populate	--user	test	--pass	test	--db	cider	--fasta	GCF_900090055.1_C.divulgatum_PM4_protein.faa	--taxid	1673428	--source	NCBI	RefSeq	--type	DNA	--ver	GCA_900090055.1	--pub	NA	Cuniculiplasma divulgatum
./bin/plant	--populate	--user	test	--pass	test	--db	cider	--fasta	GCF_000020905.1_ASM2090v1_protein.faa	--taxid	490899	--source	NCBI	RefSeq	--type	DNA	--ver	GCA_000020905.1	--pub	NA	Desulfurococcus amylolyticus 1221n
./bin/plant	--populate	--user	test	--pass	test	--db	cider	--fasta	GCF_000186365.1_ASM18636v1_protein.faa	--taxid	765177	--source	NCBI	RefSeq	--type	DNA	--ver	GCA_000186365.1	--pub	NA	Desulfurococcus mucosus DSM 2162
./bin/plant	--populate	--user	test	--pass	test	--db	cider	--fasta	GCF_000025505.1_ASM2550v1_protein.faa	--taxid	589924	--source	NCBI	RefSeq	--type	DNA	--ver	GCA_000025505.1	--pub	NA	Ferroglobus placidus DSM 10642
./bin/plant	--populate	--user	test	--pass	test	--db	cider	--fasta	GCF_000152265.2_ASM15226v2_protein.faa	--taxid	333146	--source	NCBI	RefSeq	--type	DNA	--ver	GCA_000152265.2	--pub	NA	Ferroplasma acidarmanus fer1
./bin/plant	--populate	--user	test	--pass	test	--db	cider	--fasta	GCF_000789255.1_ASM78925v1_protein.faa	--taxid	565033	--source	NCBI	RefSeq	--type	DNA	--ver	GCA_000789255.1	--pub	NA	Geoglobus acetivorans
./bin/plant	--populate	--user	test	--pass	test	--db	cider	--fasta	GCF_001006045.1_ASM100604v1_protein.faa	--taxid	113653	--source	NCBI	RefSeq	--type	DNA	--ver	GCA_001006045.1	--pub	NA	Geoglobus ahangari
./bin/plant	--populate	--user	test	--pass	test	--db	cider	--fasta	GCF_000196895.1_ASM19689v1_protein.faa	--taxid	795797	--source	NCBI	RefSeq	--type	DNA	--ver	GCA_000196895.1	--pub	NA	Halalkalicoccus jeotgali B3
./bin/plant	--populate	--user	test	--pass	test	--db	cider	--fasta	GCF_001011115.1_ASM101111v1_protein.faa	--taxid	1604004	--source	NCBI	RefSeq	--type	DNA	--ver	GCA_001011115.1	--pub	NA	Halanaeroarchaeum sulfurireducens
./bin/plant	--populate	--user	test	--pass	test	--db	cider	--fasta	GCF_000223905.1_ASM22390v1_protein.faa	--taxid	634497	--source	NCBI	RefSeq	--type	DNA	--ver	GCA_000223905.1	--pub	NA	Haloarcula hispanica ATCC 33960
./bin/plant	--populate	--user	test	--pass	test	--db	cider	--fasta	GCF_001488575.1_Halobacterium_hubeiense_JI20-1_protein.faa	--taxid	1407499	--source	NCBI	RefSeq	--type	DNA	--ver	GCA_001488575.1	--pub	NA	Halobacterium hubeiense
./bin/plant	--populate	--user	test	--pass	test	--db	cider	--fasta	GCF_000006805.1_ASM680v1_protein.faa	--taxid	64091	--source	NCBI	RefSeq	--type	DNA	--ver	GCA_000006805.1	--pub	NA	Halobacterium salinarum NRC-1
./bin/plant	--populate	--user	test	--pass	test	--db	cider	--fasta	GCF_000226975.2_ASM22697v3_protein.faa	--taxid	358396	--source	NCBI	RefSeq	--type	DNA	--ver	GCA_000226975.3	--pub	NA	Halobiforma lacisalsi AJ5
./bin/plant	--populate	--user	test	--pass	test	--db	cider	--fasta	GCF_001886955.1_ASM188695v1_protein.faa	--taxid	1873524	--source	NCBI	RefSeq	--type	DNA	--ver	GCA_001886955.1	--pub	NA	Halodesulfurarchaeum formicicum
./bin/plant	--populate	--user	test	--pass	test	--db	cider	--fasta	GCF_000306765.2_ASM30676v2_protein.faa	--taxid	523841	--source	NCBI	RefSeq	--type	DNA	--ver	GCA_000306765.2	--pub	NA	Haloferax mediterranei ATCC 33500
./bin/plant	--populate	--user	test	--pass	test	--db	cider	--fasta	GCF_000025685.1_ASM2568v1_protein.faa	--taxid	309800	--source	NCBI	RefSeq	--type	DNA	--ver	GCA_000025685.1	--pub	NA	Haloferax volcanii DS2
./bin/plant	--populate	--user	test	--pass	test	--db	cider	--fasta	GCF_000172995.2_ASM17299v2_protein.faa	--taxid	469382	--source	NCBI	RefSeq	--type	DNA	--ver	GCA_000172995.2	--pub	NA	Halogeometricum borinquense DSM 11551
./bin/plant	--populate	--user	test	--pass	test	--db	cider	--fasta	GCF_000023965.1_ASM2396v1_protein.faa	--taxid	485914	--source	NCBI	RefSeq	--type	DNA	--ver	GCA_000023965.1	--pub	NA	Halomicrobium mukohataei DSM 12286
./bin/plant	--populate	--user	test	--pass	test	--db	cider	--fasta	GCF_000224475.1_ASM22447v1_protein.faa	--taxid	756883	--source	NCBI	RefSeq	--type	DNA	--ver	GCA_000224475.1	--pub	NA	halophilic archaeon DL31
./bin/plant	--populate	--user	test	--pass	test	--db	cider	--fasta	GCF_000217715.1_ASM21771v1_protein.faa	--taxid	797210	--source	NCBI	RefSeq	--type	DNA	--ver	GCA_000217715.1	--pub	NA	Halopiger xanaduensis SH-6
./bin/plant	--populate	--user	test	--pass	test	--db	cider	--fasta	GCF_000237865.1_ASM23786v1_protein.faa	--taxid	768065	--source	NCBI	RefSeq	--type	DNA	--ver	GCA_000237865.1	--pub	NA	Haloquadratum walsbyi C23
./bin/plant	--populate	--user	test	--pass	test	--db	cider	--fasta	GCF_000470655.1_HATI1_protein.faa	--taxid	1033806	--source	NCBI	RefSeq	--type	DNA	--ver	GCA_000470655.1	--pub	NA	Halorhabdus tiamatea SARL4B
./bin/plant	--populate	--user	test	--pass	test	--db	cider	--fasta	GCF_000023945.1_ASM2394v1_protein.faa	--taxid	519442	--source	NCBI	RefSeq	--type	DNA	--ver	GCA_000023945.1	--pub	NA	Halorhabdus utahensis DSM 12940
./bin/plant	--populate	--user	test	--pass	test	--db	cider	--fasta	GCF_000022205.1_ASM2220v1_protein.faa	--taxid	416348	--source	NCBI	RefSeq	--type	DNA	--ver	GCA_000022205.1	--pub	NA	Halorubrum lacusprofundi ATCC 49239
./bin/plant	--populate	--user	test	--pass	test	--db	cider	--fasta	GCF_000517625.1_ASM51762v1_protein.faa	--taxid	797299	--source	NCBI	RefSeq	--type	DNA	--ver	GCA_000517625.1	--pub	NA	Halostagnicola larsenii XH-48
./bin/plant	--populate	--user	test	--pass	test	--db	cider	--fasta	GCF_001971705.1_ASM197170v1_protein.faa	--taxid	588898	--source	NCBI	RefSeq	--type	DNA	--ver	GCA_001971705.1	--pub	NA	Haloterrigena daqingensis
./bin/plant	--populate	--user	test	--pass	test	--db	cider	--fasta	GCF_000025325.1_ASM2532v1_protein.faa	--taxid	543526	--source	NCBI	RefSeq	--type	DNA	--ver	GCA_000025325.1	--pub	NA	Haloterrigena turkmenica DSM 5511
./bin/plant	--populate	--user	test	--pass	test	--db	cider	--fasta	GCF_000015145.1_ASM1514v1_protein.faa	--taxid	415426	--source	NCBI	RefSeq	--type	DNA	--ver	GCA_000015145.1	--pub	NA	Hyperthermus butylicus DSM 5456
./bin/plant	--populate	--user	test	--pass	test	--db	cider	--fasta	GCF_000017945.1_ASM1794v1_protein.faa	--taxid	453591	--source	NCBI	RefSeq	--type	DNA	--ver	GCA_000017945.1	--pub	NA	Ignicoccus hospitalis KIN4/I
./bin/plant	--populate	--user	test	--pass	test	--db	cider	--fasta	GCF_001481685.1_ASM148168v1_protein.faa	--taxid	940295	--source	NCBI	RefSeq	--type	DNA	--ver	GCA_001481685.1	--pub	NA	Ignicoccus islandicus DSM 13165
./bin/plant	--populate	--user	test	--pass	test	--db	cider	--fasta	GCF_000204925.1_ASM20492v1_protein.faa	--taxid	1006006	--source	NCBI	RefSeq	--type	DNA	--ver	GCA_000204925.1	--pub	NA	Metallosphaera cuprina Ar-4
./bin/plant	--populate	--user	test	--pass	test	--db	cider	--fasta	GCF_000016605.1_ASM1660v1_protein.faa	--taxid	399549	--source	NCBI	RefSeq	--type	DNA	--ver	GCA_000016605.1	--pub	NA	Metallosphaera sedula DSM 5348
./bin/plant	--populate	--user	test	--pass	test	--db	cider	--fasta	GCF_900095295.1_MCBB_protein.faa	--taxid	118062	--source	NCBI	RefSeq	--type	DNA	--ver	GCA_900095295.1	--pub	NA	Methanobacterium congolense
./bin/plant	--populate	--user	test	--pass	test	--db	cider	--fasta	GCF_000762265.1_ASM76226v1_protein.faa	--taxid	2162	--source	NCBI	RefSeq	--type	DNA	--ver	GCA_000762265.1	--pub	NA	Methanobacterium formicicum
./bin/plant	--populate	--user	test	--pass	test	--db	cider	--fasta	GCF_000191585.1_ASM19158v1_protein.faa	--taxid	877455	--source	NCBI	RefSeq	--type	DNA	--ver	GCA_000191585.1	--pub	NA	Methanobacterium lacus
./bin/plant	--populate	--user	test	--pass	test	--db	cider	--fasta	GCF_000214725.1_ASM21472v1_protein.faa	--taxid	868131	--source	NCBI	RefSeq	--type	DNA	--ver	GCA_000214725.1	--pub	NA	Methanobacterium paludis
./bin/plant	--populate	--user	test	--pass	test	--db	cider	--fasta	GCF_001477655.1_ASM147765v1_protein.faa	--taxid	230361	--source	NCBI	RefSeq	--type	DNA	--ver	GCA_001477655.1	--pub	NA	Methanobrevibacter millerae
./bin/plant	--populate	--user	test	--pass	test	--db	cider	--fasta	GCF_001563245.1_ASM156324v1_protein.faa	--taxid	294671	--source	NCBI	RefSeq	--type	DNA	--ver	GCA_001563245.1	--pub	NA	Methanobrevibacter olleyae
./bin/plant	--populate	--user	test	--pass	test	--db	cider	--fasta	GCF_000024185.1_ASM2418v1_protein.faa	--taxid	634498	--source	NCBI	RefSeq	--type	DNA	--ver	GCA_000024185.1	--pub	NA	Methanobrevibacter ruminantium M1
./bin/plant	--populate	--user	test	--pass	test	--db	cider	--fasta	GCF_000016525.1_ASM1652v1_protein.faa	--taxid	420247	--source	NCBI	RefSeq	--type	DNA	--ver	GCA_000016525.1	--pub	NA	Methanobrevibacter smithii ATCC 35061
./bin/plant	--populate	--user	test	--pass	test	--db	cider	--fasta	GCF_000739065.1_ASM73906v1_protein.faa	--taxid	1301915	--source	NCBI	RefSeq	--type	DNA	--ver	GCA_000739065.1	--pub	NA	Methanocaldococcus bathoardescens
./bin/plant	--populate	--user	test	--pass	test	--db	cider	--fasta	GCF_000023985.1_ASM2398v1_protein.faa	--taxid	573064	--source	NCBI	RefSeq	--type	DNA	--ver	GCA_000023985.1	--pub	NA	Methanocaldococcus fervens AG86
./bin/plant	--populate	--user	test	--pass	test	--db	cider	--fasta	GCF_000092305.1_ASM9230v1_protein.faa	--taxid	573063	--source	NCBI	RefSeq	--type	DNA	--ver	GCA_000092305.1	--pub	NA	Methanocaldococcus infernus ME
./bin/plant	--populate	--user	test	--pass	test	--db	cider	--fasta	GCF_000091665.1_ASM9166v1_protein.faa	--taxid	243232	--source	NCBI	RefSeq	--type	DNA	--ver	GCA_000091665.1	--pub	NA	Methanocaldococcus jannaschii DSM 2661
./bin/plant	--populate	--user	test	--pass	test	--db	cider	--fasta	GCF_000024625.1_ASM2462v1_protein.faa	--taxid	579137	--source	NCBI	RefSeq	--type	DNA	--ver	GCA_000024625.1	--pub	NA	Methanocaldococcus vulcanius M7
./bin/plant	--populate	--user	test	--pass	test	--db	cider	--fasta	GCF_000063445.1_ASM6344v1_protein.faa	--taxid	351160	--source	NCBI	RefSeq	--type	DNA	--ver	GCA_000063445.1	--pub	NA	Methanocella arvoryzae MRE50
./bin/plant	--populate	--user	test	--pass	test	--db	cider	--fasta	GCF_000251105.1_ASM25110v1_protein.faa	--taxid	1041930	--source	NCBI	RefSeq	--type	DNA	--ver	GCA_000251105.1	--pub	NA	Methanocella conradii HZ254
./bin/plant	--populate	--user	test	--pass	test	--db	cider	--fasta	GCF_000013725.1_ASM1372v1_protein.faa	--taxid	259564	--source	NCBI	RefSeq	--type	DNA	--ver	GCA_000013725.1	--pub	NA	Methanococcoides burtonii DSM 6242
./bin/plant	--populate	--user	test	--pass	test	--db	cider	--fasta	GCF_000970325.1_ASM97032v1_protein.faa	--taxid	1434104	--source	NCBI	RefSeq	--type	DNA	--ver	GCA_000970325.1	--pub	NA	Methanococcoides methylutens MM1
./bin/plant	--populate	--user	test	--pass	test	--db	cider	--fasta	GCF_000017185.1_ASM1718v1_protein.faa	--taxid	419665	--source	NCBI	RefSeq	--type	DNA	--ver	GCA_000017185.1	--pub	NA	Methanococcus aeolicus Nankai-3
./bin/plant	--populate	--user	test	--pass	test	--db	cider	--fasta	GCF_000017225.1_ASM1722v1_protein.faa	--taxid	426368	--source	NCBI	RefSeq	--type	DNA	--ver	GCA_000017225.1	--pub	NA	Methanococcus maripaludis C7
./bin/plant	--populate	--user	test	--pass	test	--db	cider	--fasta	GCF_000220645.1_ASM22064v1_protein.faa	--taxid	1053692	--source	NCBI	RefSeq	--type	DNA	--ver	GCA_000220645.1	--pub	NA	Methanococcus maripaludis X1
./bin/plant	--populate	--user	test	--pass	test	--db	cider	--fasta	GCF_000017165.1_ASM1716v1_protein.faa	--taxid	406327	--source	NCBI	RefSeq	--type	DNA	--ver	GCA_000017165.1	--pub	NA	Methanococcus vannielii SB
./bin/plant	--populate	--user	test	--pass	test	--db	cider	--fasta	GCF_000006175.1_ASM617v2_protein.faa	--taxid	456320	--source	NCBI	RefSeq	--type	DNA	--ver	GCA_000006175.2	--pub	NA	Methanococcus voltae A3
./bin/plant	--populate	--user	test	--pass	test	--db	cider	--fasta	GCF_000015765.1_ASM1576v1_protein.faa	--taxid	410358	--source	NCBI	RefSeq	--type	DNA	--ver	GCA_000015765.1	--pub	NA	Methanocorpusculum labreanum Z
./bin/plant	--populate	--user	test	--pass	test	--db	cider	--fasta	GCF_000304355.2_Mb_MS2_protein.faa	--taxid	1201294	--source	NCBI	RefSeq	--type	DNA	--ver	GCA_000304355.2	--pub	NA	Methanoculleus bourgensis MS2
./bin/plant	--populate	--user	test	--pass	test	--db	cider	--fasta	GCF_000015825.1_ASM1582v1_protein.faa	--taxid	368407	--source	NCBI	RefSeq	--type	DNA	--ver	GCA_000015825.1	--pub	NA	Methanoculleus marisnigri JR1
./bin/plant	--populate	--user	test	--pass	test	--db	cider	--fasta	GCF_001560915.1_ASM156091v1_protein.faa	--taxid	1495144	--source	NCBI	RefSeq	--type	DNA	--ver	GCA_001560915.1	--pub	NA	methanogenic archaeon ISO4-H5
./bin/plant	--populate	--user	test	--pass	test	--db	cider	--fasta	GCF_000196655.1_ASM19665v1_protein.faa	--taxid	644295	--source	NCBI	RefSeq	--type	DNA	--ver	GCA_000196655.1	--pub	NA	Methanohalobium evestigatum Z-7303
./bin/plant	--populate	--user	test	--pass	test	--db	cider	--fasta	GCF_001889405.1_ASM188940v1_protein.faa	--taxid	2177	--source	NCBI	RefSeq	--type	DNA	--ver	GCA_001889405.1	--pub	NA	Methanohalophilus halophilus
./bin/plant	--populate	--user	test	--pass	test	--db	cider	--fasta	GCF_000025865.1_ASM2586v1_protein.faa	--taxid	547558	--source	NCBI	RefSeq	--type	DNA	--ver	GCA_000025865.1	--pub	NA	Methanohalophilus mahii DSM 5219
./bin/plant	--populate	--user	test	--pass	test	--db	cider	--fasta	GCF_000147875.1_ASM14787v1_protein.faa	--taxid	679926	--source	NCBI	RefSeq	--type	DNA	--ver	GCA_000147875.1	--pub	NA	Methanolacinia petrolearia DSM 11571
./bin/plant	--populate	--user	test	--pass	test	--db	cider	--fasta	GCF_000306725.1_ASM30672v1_protein.faa	--taxid	1094980	--source	NCBI	RefSeq	--type	DNA	--ver	GCA_000306725.1	--pub	NA	Methanolobus psychrophilus R15
./bin/plant	--populate	--user	test	--pass	test	--db	cider	--fasta	GCF_000328665.1_ASM32866v1_protein.faa	--taxid	867904	--source	NCBI	RefSeq	--type	DNA	--ver	GCA_000328665.1	--pub	NA	Methanomethylovorans hollandica DSM 15978
./bin/plant	--populate	--user	test	--pass	test	--db	cider	--fasta	GCF_000017625.1_ASM1762v1_protein.faa	--taxid	456442	--source	NCBI	RefSeq	--type	DNA	--ver	GCA_000017625.1	--pub	NA	Methanoregula boonei 6A8
./bin/plant	--populate	--user	test	--pass	test	--db	cider	--fasta	GCF_000327485.1_ASM32748v1_protein.faa	--taxid	593750	--source	NCBI	RefSeq	--type	DNA	--ver	GCA_000327485.1	--pub	NA	Methanoregula formicica SMSP
./bin/plant	--populate	--user	test	--pass	test	--db	cider	--fasta	GCF_000235565.1_ASM23556v1_protein.faa	--taxid	1110509	--source	NCBI	RefSeq	--type	DNA	--ver	GCA_000235565.1	--pub	NA	Methanosaeta harundinacea 6Ac
./bin/plant	--populate	--user	test	--pass	test	--db	cider	--fasta	GCF_000217995.1_ASM21799v1_protein.faa	--taxid	679901	--source	NCBI	RefSeq	--type	DNA	--ver	GCA_000217995.1	--pub	NA	Methanosalsum zhilinae DSM 4017
./bin/plant	--populate	--user	test	--pass	test	--db	cider	--fasta	GCF_000007345.1_ASM734v1_protein.faa	--taxid	188937	--source	NCBI	RefSeq	--type	DNA	--ver	GCA_000007345.1	--pub	NA	Methanosarcina acetivorans C2A
./bin/plant	--populate	--user	test	--pass	test	--db	cider	--fasta	GCF_000970305.1_ASM97030v1_protein.faa	--taxid	1434107	--source	NCBI	RefSeq	--type	DNA	--ver	GCA_000970305.1	--pub	NA	Methanosarcina barkeri 3
./bin/plant	--populate	--user	test	--pass	test	--db	cider	--fasta	GCF_000970025.1_ASM97002v1_protein.faa	--taxid	1434108	--source	NCBI	RefSeq	--type	DNA	--ver	GCA_000970025.1	--pub	NA	Methanosarcina barkeri MS
./bin/plant	--populate	--user	test	--pass	test	--db	cider	--fasta	GCF_000970285.1_ASM97028v1_protein.faa	--taxid	1434110	--source	NCBI	RefSeq	--type	DNA	--ver	GCA_000970285.1	--pub	NA	Methanosarcina horonobensis HB-1 = JCM 15518
./bin/plant	--populate	--user	test	--pass	test	--db	cider	--fasta	GCF_000970265.1_ASM97026v1_protein.faa	--taxid	1434111	--source	NCBI	RefSeq	--type	DNA	--ver	GCA_000970265.1	--pub	NA	Methanosarcina lacustris Z-7289
./bin/plant	--populate	--user	test	--pass	test	--db	cider	--fasta	GCF_000970205.1_ASM97020v1_protein.faa	--taxid	213585	--source	NCBI	RefSeq	--type	DNA	--ver	GCA_000970205.1	--pub	NA	Methanosarcina mazei S-6
./bin/plant	--populate	--user	test	--pass	test	--db	cider	--fasta	GCF_000970085.1_ASM97008v1_protein.faa	--taxid	1434120	--source	NCBI	RefSeq	--type	DNA	--ver	GCA_000970085.1	--pub	NA	Methanosarcina siciliae T4/M
./bin/plant	--populate	--user	test	--pass	test	--db	cider	--fasta	GCF_000969885.1_ASM96988v1_protein.faa	--taxid	523844	--source	NCBI	RefSeq	--type	DNA	--ver	GCA_000969885.1	--pub	NA	Methanosarcina thermophila TM-1
./bin/plant	--populate	--user	test	--pass	test	--db	cider	--fasta	GCF_000969905.1_ASM96990v1_protein.faa	--taxid	1434123	--source	NCBI	RefSeq	--type	DNA	--ver	GCA_000969905.1	--pub	NA	Methanosarcina vacuolata Z-761
./bin/plant	--populate	--user	test	--pass	test	--db	cider	--fasta	GCF_000012545.1_ASM1254v1_protein.faa	--taxid	339860	--source	NCBI	RefSeq	--type	DNA	--ver	GCA_000012545.1	--pub	NA	Methanosphaera stadtmanae DSM 3091
./bin/plant	--populate	--user	test	--pass	test	--db	cider	--fasta	GCF_000021965.1_ASM2196v1_protein.faa	--taxid	521011	--source	NCBI	RefSeq	--type	DNA	--ver	GCA_000021965.1	--pub	NA	Methanosphaerula palustris E1-9c
./bin/plant	--populate	--user	test	--pass	test	--db	cider	--fasta	GCF_000013445.1_ASM1344v1_protein.faa	--taxid	323259	--source	NCBI	RefSeq	--type	DNA	--ver	GCA_000013445.1	--pub	NA	Methanospirillum hungatei JF-1
./bin/plant	--populate	--user	test	--pass	test	--db	cider	--fasta	GCF_000145295.1_ASM14529v1_protein.faa	--taxid	79929	--source	NCBI	RefSeq	--type	DNA	--ver	GCA_000145295.1	--pub	NA	Methanothermobacter marburgensis str. Marburg
./bin/plant	--populate	--user	test	--pass	test	--db	cider	--fasta	GCF_000008645.1_ASM864v1_protein.faa	--taxid	187420	--source	NCBI	RefSeq	--type	DNA	--ver	GCA_000008645.1	--pub	NA	Methanothermobacter thermautotrophicus str. Delta H
./bin/plant	--populate	--user	test	--pass	test	--db	cider	--fasta	GCF_900095815.1_SIV6_protein.faa	--taxid	145261	--source	NCBI	RefSeq	--type	DNA	--ver	GCA_900095815.1	--pub	NA	Methanothermobacter wolfeii
./bin/plant	--populate	--user	test	--pass	test	--db	cider	--fasta	GCF_000179575.2_ASM17957v2_protein.faa	--taxid	647113	--source	NCBI	RefSeq	--type	DNA	--ver	GCA_000179575.2	--pub	NA	Methanothermococcus okinawensis IH1
./bin/plant	--populate	--user	test	--pass	test	--db	cider	--fasta	GCF_000166095.1_ASM16609v1_protein.faa	--taxid	523846	--source	NCBI	RefSeq	--type	DNA	--ver	GCA_000166095.1	--pub	NA	Methanothermus fervidus DSM 2088
./bin/plant	--populate	--user	test	--pass	test	--db	cider	--fasta	GCF_000204415.1_ASM20441v1_protein.faa	--taxid	990316	--source	NCBI	RefSeq	--type	DNA	--ver	GCA_000204415.1	--pub	NA	Methanothrix soehngenii GP6
./bin/plant	--populate	--user	test	--pass	test	--db	cider	--fasta	GCF_000214415.1_ASM21441v1_protein.faa	--taxid	880724	--source	NCBI	RefSeq	--type	DNA	--ver	GCA_000214415.1	--pub	NA	Methanotorris igneus Kol 5
./bin/plant	--populate	--user	test	--pass	test	--db	cider	--fasta	GCF_000025625.1_ASM2562v1_protein.faa	--taxid	547559	--source	NCBI	RefSeq	--type	DNA	--ver	GCA_000025625.1	--pub	NA	Natrialba magadii ATCC 43099
./bin/plant	--populate	--user	test	--pass	test	--db	cider	--fasta	GCF_000230735.2_ASM23073v3_protein.faa	--taxid	797303	--source	NCBI	RefSeq	--type	DNA	--ver	GCA_000230735.3	--pub	NA	Natrinema pellirubrum DSM 15624
./bin/plant	--populate	--user	test	--pass	test	--db	cider	--fasta	GCF_000230715.2_ASM23071v3_protein.faa	--taxid	797304	--source	NCBI	RefSeq	--type	DNA	--ver	GCA_000230715.3	--pub	NA	Natronobacterium gregoryi SP2
./bin/plant	--populate	--user	test	--pass	test	--db	cider	--fasta	GCF_000328685.1_ASM32868v1_protein.faa	--taxid	694430	--source	NCBI	RefSeq	--type	DNA	--ver	GCA_000328685.1	--pub	NA	Natronococcus occultus SP4
./bin/plant	--populate	--user	test	--pass	test	--db	cider	--fasta	GCF_002156705.1_ASM215670v1_protein.faa	--taxid	745377	--source	NCBI	RefSeq	--type	DNA	--ver	GCA_002156705.1	--pub	NA	Natronolimnobius aegyptiacus
./bin/plant	--populate	--user	test	--pass	test	--db	cider	--fasta	GCF_000591055.1_ASM59105v1_protein.faa	--taxid	268739	--source	NCBI	RefSeq	--type	DNA	--ver	GCA_000591055.1	--pub	NA	Natronomonas moolapensis 8.8.11
./bin/plant	--populate	--user	test	--pass	test	--db	cider	--fasta	GCF_000026045.1_ASM2604v1_protein.faa	--taxid	348780	--source	NCBI	RefSeq	--type	DNA	--ver	GCA_000026045.1	--pub	NA	Natronomonas pharaonis DSM 2160
./bin/plant	--populate	--user	test	--pass	test	--db	cider	--fasta	GCF_000698785.1_ASM69878v1_protein.faa	--taxid	926571	--source	NCBI	RefSeq	--type	DNA	--ver	GCA_000698785.1	--pub	NA	Nitrososphaera viennensis EN76
./bin/plant	--populate	--user	test	--pass	test	--db	cider	--fasta	GCF_000725425.1_ASM72542v1_protein.faa	--taxid	1343739	--source	NCBI	RefSeq	--type	DNA	--ver	GCA_000725425.1	--pub	NA	Palaeococcus pacificus DY20341
./bin/plant	--populate	--user	test	--pass	test	--db	cider	--fasta	GCF_000008265.1_ASM826v1_protein.faa	--taxid	263820	--source	NCBI	RefSeq	--type	DNA	--ver	GCA_000008265.1	--pub	NA	Picrophilus torridus DSM 9790
./bin/plant	--populate	--user	test	--pass	test	--db	cider	--fasta	GCF_000195935.2_ASM19593v1_protein.faa	--taxid	272844	--source	NCBI	RefSeq	--type	DNA	--ver	GCA_000195935.2	--pub	NA	Pyrococcus abyssi GE5
./bin/plant	--populate	--user	test	--pass	test	--db	cider	--fasta	GCF_000007305.1_ASM730v1_protein.faa	--taxid	186497	--source	NCBI	RefSeq	--type	DNA	--ver	GCA_000007305.1	--pub	NA	Pyrococcus furiosus DSM 3638
./bin/plant	--populate	--user	test	--pass	test	--db	cider	--fasta	GCF_000011105.1_ASM1110v1_protein.faa	--taxid	70601	--source	NCBI	RefSeq	--type	DNA	--ver	GCA_000011105.1	--pub	NA	Pyrococcus horikoshii OT3
./bin/plant	--populate	--user	test	--pass	test	--db	cider	--fasta	GCF_001577775.1_ASM157777v1_protein.faa	--taxid	1609559	--source	NCBI	RefSeq	--type	DNA	--ver	GCA_001577775.1	--pub	NA	Pyrococcus kukulkanii
./bin/plant	--populate	--user	test	--pass	test	--db	cider	--fasta	GCF_000215995.1_ASM21599v1_protein.faa	--taxid	529709	--source	NCBI	RefSeq	--type	DNA	--ver	GCA_000215995.1	--pub	NA	Pyrococcus yayanosii CH1
./bin/plant	--populate	--user	test	--pass	test	--db	cider	--fasta	GCF_001412615.1_ASM141261v1_protein.faa	--taxid	1273541	--source	NCBI	RefSeq	--type	DNA	--ver	GCA_001412615.1	--pub	NA	Pyrodictium delaneyi
./bin/plant	--populate	--user	test	--pass	test	--db	cider	--fasta	GCF_000223395.1_ASM22339v1_protein.faa	--taxid	694429	--source	NCBI	RefSeq	--type	DNA	--ver	GCA_000223395.1	--pub	NA	Pyrolobus fumarii 1A
./bin/plant	--populate	--user	test	--pass	test	--db	cider	--fasta	GCF_900079115.1_SSOP1_protein.faa	--taxid	2287	--source	NCBI	RefSeq	--type	DNA	--ver	GCA_900079115.1	--pub	NA	Saccharolobus solfataricus
./bin/plant	--populate	--user	test	--pass	test	--db	cider	--fasta	GCF_000012285.1_ASM1228v1_protein.faa	--taxid	330779	--source	NCBI	RefSeq	--type	DNA	--ver	GCA_000012285.1	--pub	NA	Sulfolobus acidocaldarius DSM 639
./bin/plant	--populate	--user	test	--pass	test	--db	cider	--fasta	GCF_000022385.1_ASM2238v1_protein.faa	--taxid	429572	--source	NCBI	RefSeq	--type	DNA	--ver	GCA_000022385.1	--pub	NA	Sulfolobus islandicus L.S.2.15
./bin/plant	--populate	--user	test	--pass	test	--db	cider	--fasta	GCF_000011205.1_ASM1120v1_protein.faa	--taxid	273063	--source	NCBI	RefSeq	--type	DNA	--ver	GCA_000011205.1	--pub	NA	Sulfurisphaera tokodaii str. 7
./bin/plant	--populate	--user	test	--pass	test	--db	cider	--fasta	GCF_000151105.2_ASM15110v2_protein.faa	--taxid	391623	--source	NCBI	RefSeq	--type	DNA	--ver	GCA_000151105.2	--pub	NA	Thermococcus barophilus MP
./bin/plant	--populate	--user	test	--pass	test	--db	cider	--fasta	GCF_002214465.1_ASM221446v1_protein.faa	--taxid	54077	--source	NCBI	RefSeq	--type	DNA	--ver	GCA_002214465.1	--pub	NA	Thermococcus barossii
./bin/plant	--populate	--user	test	--pass	test	--db	cider	--fasta	GCF_002214365.1_ASM221436v1_protein.faa	--taxid	1293037	--source	NCBI	RefSeq	--type	DNA	--ver	GCA_002214365.1	--pub	NA	Thermococcus celer Vu 13 = JCM 8558
./bin/plant	--populate	--user	test	--pass	test	--db	cider	--fasta	GCF_000265525.1_ASM26552v1_protein.faa	--taxid	163003	--source	NCBI	RefSeq	--type	DNA	--ver	GCA_000265525.1	--pub	NA	Thermococcus cleftensis
./bin/plant	--populate	--user	test	--pass	test	--db	cider	--fasta	GCF_000769655.1_ASM76965v1_protein.faa	--taxid	1505907	--source	NCBI	RefSeq	--type	DNA	--ver	GCA_000769655.1	--pub	NA	Thermococcus eurythermalis
./bin/plant	--populate	--user	test	--pass	test	--db	cider	--fasta	GCF_002214385.1_ASM221438v1_protein.faa	--taxid	71997	--source	NCBI	RefSeq	--type	DNA	--ver	GCA_002214385.1	--pub	NA	Thermococcus gorgonarius
./bin/plant	--populate	--user	test	--pass	test	--db	cider	--fasta	GCF_000816105.1_ASM81610v1_protein.faa	--taxid	1432656	--source	NCBI	RefSeq	--type	DNA	--ver	GCA_000816105.1	--pub	NA	Thermococcus guaymasensis DSM 11113
./bin/plant	--populate	--user	test	--pass	test	--db	cider	--fasta	GCF_000009965.1_ASM996v1_protein.faa	--taxid	69014	--source	NCBI	RefSeq	--type	DNA	--ver	GCA_000009965.1	--pub	NA	Thermococcus kodakarensis KOD1
./bin/plant	--populate	--user	test	--pass	test	--db	cider	--fasta	GCF_000246985.2_ASM24698v3_protein.faa	--taxid	523849	--source	NCBI	RefSeq	--type	DNA	--ver	GCA_000246985.3	--pub	NA	Thermococcus litoralis DSM 5473
./bin/plant	--populate	--user	test	--pass	test	--db	cider	--fasta	GCF_000585495.1_ASM58549v1_protein.faa	--taxid	195522	--source	NCBI	RefSeq	--type	DNA	--ver	GCA_000585495.1	--pub	NA	Thermococcus nautili
./bin/plant	--populate	--user	test	--pass	test	--db	cider	--fasta	GCF_000018365.1_ASM1836v1_protein.faa	--taxid	523850	--source	NCBI	RefSeq	--type	DNA	--ver	GCA_000018365.1	--pub	NA	Thermococcus onnurineus NA1
./bin/plant	--populate	--user	test	--pass	test	--db	cider	--fasta	GCF_002214485.1_ASM221448v1_protein.faa	--taxid	71998	--source	NCBI	RefSeq	--type	DNA	--ver	GCA_002214485.1	--pub	NA	Thermococcus pacificus
./bin/plant	--populate	--user	test	--pass	test	--db	cider	--fasta	GCF_000517445.1_ASM51744v1_protein.faa	--taxid	582419	--source	NCBI	RefSeq	--type	DNA	--ver	GCA_000517445.1	--pub	NA	Thermococcus paralvinellae
./bin/plant	--populate	--user	test	--pass	test	--db	cider	--fasta	GCF_001647085.1_ASM164708v1_protein.faa	--taxid	1712654	--source	NCBI	RefSeq	--type	DNA	--ver	GCA_001647085.1	--pub	NA	Thermococcus piezophilus
./bin/plant	--populate	--user	test	--pass	test	--db	cider	--fasta	GCF_002214585.1_ASM221458v1_protein.faa	--taxid	49899	--source	NCBI	RefSeq	--type	DNA	--ver	GCA_002214585.1	--pub	NA	Thermococcus profundus
./bin/plant	--populate	--user	test	--pass	test	--db	cider	--fasta	GCF_000022545.1_ASM2254v1_protein.faa	--taxid	604354	--source	NCBI	RefSeq	--type	DNA	--ver	GCA_000022545.1	--pub	NA	Thermococcus sibiricus MM 739
./bin/plant	--populate	--user	test	--pass	test	--db	cider	--fasta	GCF_002214505.1_ASM221450v1_protein.faa	--taxid	72803	--source	NCBI	RefSeq	--type	DNA	--ver	GCA_002214505.1	--pub	NA	Thermococcus siculi
./bin/plant	--populate	--user	test	--pass	test	--db	cider	--fasta	GCF_002214545.1_ASM221454v1_protein.faa	--taxid	277988	--source	NCBI	RefSeq	--type	DNA	--ver	GCA_002214545.1	--pub	NA	Thermococcus thioreducens
./bin/plant	--populate	--user	test	--pass	test	--db	cider	--fasta	GCF_000264495.1_ASM26449v1_protein.faa	--taxid	1184251	--source	NCBI	RefSeq	--type	DNA	--ver	GCA_000264495.1	--pub	NA	Thermogladius calderae 1633
./bin/plant	--populate	--user	test	--pass	test	--db	cider	--fasta	GCF_000195915.1_ASM19591v1_protein.faa	--taxid	273075	--source	NCBI	RefSeq	--type	DNA	--ver	GCA_000195915.1	--pub	NA	Thermoplasma acidophilum DSM 1728
./bin/plant	--populate	--user	test	--pass	test	--db	cider	--fasta	GCF_000011185.1_ASM1118v1_protein.faa	--taxid	273116	--source	NCBI	RefSeq	--type	DNA	--ver	GCA_000011185.1	--pub	NA	Thermoplasma volcanium GSS1
./bin/plant	--populate	--user	test	--pass	test	--db	cider	--fasta	GCF_000350305.1_ASM35030v1_protein.faa	--taxid	1054217	--source	NCBI	RefSeq	--type	DNA	--ver	GCA_000350305.1	--pub	NA	Thermoplasmatales archaeon BRNA1
./bin/plant	--populate	--user	test	--pass	test	--db	cider	--fasta	GCF_000190315.1_ASM19031v1_protein.faa	--taxid	985053	--source	NCBI	RefSeq	--type	DNA	--ver	GCA_000190315.1	--pub	NA	Vulcanisaeta moutnovskia 768-28
./bin/plant	--populate	--user	test	--pass	test	--db	cider	--fasta	GCA_000986845.1_ASM98684v1_protein.faa	--taxid	1538547	--source	NCBI	RefSeq	--type	DNA	--ver	GCA_000986845.1	--pub	NA	Lokiarchaeum sp. GC14_75
./bin/plant	--populate	--user	test	--pass	test	--db	cider	--fasta	GCA_001940655.1_ASM194065v1_protein.faa	--taxid	1849166	--source	NCBI	RefSeq	--type	DNA	--ver	GCA_001940655.1	--pub	NA	Candidatus Lokiarchaeota archaeon CR_4
./bin/plant	--populate	--user	test	--pass	test	--db	cider	--fasta	GCA_005222975.1_ASM522297v1_protein.faa	--taxid	2012490	--source	NCBI	RefSeq	--type	DNA	--ver	GCA_005222975.1	--pub	NA	Candidatus Lokiarchaeota archaeon Loki_b31
./bin/plant	--populate	--user	test	--pass	test	--db	cider	--fasta	GCA_005223125.1_ASM522312v1_protein.faa	--taxid	2012491	--source	NCBI	RefSeq	--type	DNA	--ver	GCA_005223125.1	--pub	NA	Candidatus Lokiarchaeota archaeon Loki_b32
