./bin/plant	--populate	--user	test	--pass	test	--db	cider	--fasta	Acanthamoeba_castellanii_str_neff.Acastellanii.strNEFF_v1.pep.all.fa	--taxid	1257118	--source	Ensembl,Protists	--type	DNA	--ver	Acastellanii.strNEFF v1	--pub	NA	Acanthamoeba castellanii str. Neff
./bin/plant	--populate	--user	test	--pass	test	--db	cider	--fasta	Achlya_hypogyna_gca_002081595.ACH_lane_v1.pep.all.fa	--taxid	1202772	--source	Ensembl,Protists	--type	DNA	--ver	ACH_lane_v1	--pub	NA	Achlya hypogyna str. ATCC 48635
./bin/plant	--populate	--user	test	--pass	test	--db	cider	--fasta	Albugo_candida.ASM107853v1.pep.all.fa	--taxid	65357	--source	Ensembl,Protists	--type	DNA	--ver	ASM107853v1	--pub	NA	Albugo candida
./bin/plant	--populate	--user	test	--pass	test	--db	cider	--fasta	Albugo_laibachii.ENA1.pep.all.fa	--taxid	890382	--source	Ensembl,Protists	--type	DNA	--ver	ENA 1	--pub	NA	Albugo laibachii
./bin/plant	--populate	--user	test	--pass	test	--db	cider	--fasta	Angomonas_deanei.Angomonas_deanei_Genome.pep.all.fa	--taxid	59799	--source	Ensembl,Protists	--type	DNA	--ver	Angomonas deanei Genome	--pub	NA	Angomonas deanei
./bin/plant	--populate	--user	test	--pass	test	--db	cider	--fasta	Aphanomyces_astaci_gca_003666305.astaci_KB13.pep.all.fa	--taxid	112090	--source	Ensembl,Protists	--type	DNA	--ver	ASM219758v2	--pub	NA	Aphanomyces astaci
./bin/plant	--populate	--user	test	--pass	test	--db	cider	--fasta	Aphanomyces_invadans.Apha_inva_NJM9701_V1.pep.all.fa	--taxid	157072	--source	Ensembl,Protists	--type	DNA	--ver	inv_NJM0002	--pub	NA	Aphanomyces invadans
./bin/plant	--populate	--user	test	--pass	test	--db	cider	--fasta	Aureococcus_anophagefferens.v_1.0.pep.all.fa	--taxid	44056	--source	Ensembl,Protists	--type	DNA	--ver	V 1.0	--pub	NA	Aureococcus anophagefferens
./bin/plant	--populate	--user	test	--pass	test	--db	cider	--fasta	Babesia_bigemina.Bbig001.pep.all.fa	--taxid	5866	--source	Ensembl,Protists	--type	DNA	--ver	Bbig001	--pub	NA	Babesia bigemina str. Bond
./bin/plant	--populate	--user	test	--pass	test	--db	cider	--fasta	Babesia_bovis.ASM16539v1.pep.all.fa	--taxid	5865	--source	Ensembl,Protists	--type	DNA	--ver	ASM16539v1	--pub	NA	Babesia bovis str. T2Bo
./bin/plant	--populate	--user	test	--pass	test	--db	cider	--fasta	Babesia_microti_strain_ri.ASM69194v1.pep.all.fa	--taxid	1133968	--source	Ensembl,Protists	--type	DNA	--ver	ASM69194v1	--pub	NA	Babesia microti
./bin/plant	--populate	--user	test	--pass	test	--db	cider	--fasta	Babesia_ovata_gca_002897235.Bovata_7.1.pep.all.fa	--taxid	189622	--source	Ensembl,Protists	--type	DNA	--ver	Bovata_7.1	--pub	NA	Babesia ovata str. Miyake
./bin/plant	--populate	--user	test	--pass	test	--db	cider	--fasta	Babesia_sp_xinjiang_gca_002095265.B_xinjiang1.0.pep.all.fa	--taxid	462227	--source	Ensembl,Protists	--type	DNA	--ver	B_xinjiang1.0	--pub	NA	Babesia sp. Xinjiang
./bin/plant	--populate	--user	test	--pass	test	--db	cider	--fasta	Besnoitia_besnoiti_gca_002563875.Bbes1.0.pep.all.fa	--taxid	94643	--source	Ensembl,Protists	--type	DNA	--ver	Bbes1.0	--pub	NA	Besnoitia besnoiti str. Bb-Ger1
./bin/plant	--populate	--user	test	--pass	test	--db	cider	--fasta	Bigelowiella_natans.Bigna1.pep.all.fa	--taxid	753081	--source	Ensembl,Protists	--type	DNA	--ver	Bigna1	--pub	NA	Bigelowiella natans
./bin/plant	--populate	--user	test	--pass	test	--db	cider	--fasta	Blastocystis_hominis.ASM15166v1.pep.all.fa	--taxid	12968	--source	Ensembl,Protists	--type	DNA	--ver	ASM15166v1	--pub	NA	Blastocystis hominis str. Singapore isolate B (sub-type 7)
./bin/plant	--populate	--user	test	--pass	test	--db	cider	--fasta	Bodo_saltans.BSAL.pep.all.fa	--taxid	75058	--source	Ensembl,Protists	--type	DNA	--ver	BSAL	--pub	NA	Bodo saltans
./bin/plant	--populate	--user	test	--pass	test	--db	cider	--fasta	Capsaspora_owczarzaki_atcc_30864.C_owczarzaki_V2.pep.all.fa	--taxid	595528	--source	Ensembl,Protists	--type	DNA	--ver	C_owczarzaki_V2	--pub	NA	Capsaspora owczarzaki ATCC 30864
./bin/plant	--populate	--user	test	--pass	test	--db	cider	--fasta	Cavenderia_fasciculata_gca_000203815.DFas_2.0.pep.all.fa	--taxid	261658	--source	Ensembl,Protists	--type	DNA	--ver	DFas_2.0	--pub	NA	Cavenderia fasciculata str. SH3
./bin/plant	--populate	--user	test	--pass	test	--db	cider	--fasta	Chroomonas_mesostigmatica_ccmp1168.ASM28609v1.pep.all.fa	--taxid	1195612	--source	Ensembl,Protists	--type	DNA	--ver	ASM28609v1	--pub	NA	Chroomonas mesostigmatica CCMP1168
./bin/plant	--populate	--user	test	--pass	test	--db	cider	--fasta	Cryptomonas_paramecium.ASM19445v1.pep.all.fa	--taxid	2898	--source	Ensembl,Protists	--type	DNA	--ver	ASM19445v1	--pub	NA	Cryptomonas paramecium str. CCAP977/2A
./bin/plant	--populate	--user	test	--pass	test	--db	cider	--fasta	Cryptosporidium_andersoni.ASM186535v1.pep.all.fa	--taxid	117008	--source	Ensembl,Protists	--type	DNA	--ver	ASM186535v1	--pub	NA	Cryptosporidium andersoni
./bin/plant	--populate	--user	test	--pass	test	--db	cider	--fasta	Cryptosporidium_meleagridis_gca_001593445.CryMelUKMEL1-1.0.pep.all.fa	--taxid	93969	--source	Ensembl,Protists	--type	DNA	--ver	CryMelUKMEL1-1.0	--pub	NA	Cryptosporidium meleagridis str. UKMEL1
./bin/plant	--populate	--user	test	--pass	test	--db	cider	--fasta	Cryptosporidium_muris_rn66.JCVI-cmg-v1.0.pep.all.fa	--taxid	441375	--source	Ensembl,Protists	--type	DNA	--ver	JCVI-cmg-v1.0	--pub	NA	Cryptosporidium muris RN66
./bin/plant	--populate	--user	test	--pass	test	--db	cider	--fasta	Cryptosporidium_parvum.ASM20969v1.pep.all.fa	--taxid	5807	--source	Ensembl,Protists	--type	DNA	--ver	ASM20969v1	--pub	NA	Cryptosporidium parvum
./bin/plant	--populate	--user	test	--pass	test	--db	cider	--fasta	Cryptosporidium_parvum_iowa_ii.ASM16534v1.pep.all.fa	--taxid	353152	--source	Ensembl,Protists	--type	DNA	--ver	ASM16534v1	--pub	NA	Cryptosporidium parvum Iowa II
./bin/plant	--populate	--user	test	--pass	test	--db	cider	--fasta	Cryptosporidium_ubiquitum.ASM186534v1.pep.all.fa	--taxid	857276	--source	Ensembl,Protists	--type	DNA	--ver	ASM186534v1	--pub	NA	Cryptosporidium ubiquitum
./bin/plant	--populate	--user	test	--pass	test	--db	cider	--fasta	Cyclospora_cayetanensis.ASM76915v2.pep.all.fa	--taxid	88456	--source	Ensembl,Protists	--type	DNA	--ver	ASM76915v2	--pub	NA	Cyclospora cayetanensis str. CHN_HEN01
./bin/plant	--populate	--user	test	--pass	test	--db	cider	--fasta	Cystoisospora_suis_gca_002600585.ASM260058v1.pep.all.fa	--taxid	483139	--source	Ensembl,Protists	--type	DNA	--ver	ASM260058v1	--pub	NA	Cystoisospora suis str. Wien I
./bin/plant	--populate	--user	test	--pass	test	--db	cider	--fasta	Dictyostelium_discoideum.dicty_2.7.pep.all.fa	--taxid	352472	--source	Ensembl,Protists	--type	DNA	--ver	dicty_2.7	--pub	NA	Dictyostelium discoideum
./bin/plant	--populate	--user	test	--pass	test	--db	cider	--fasta	Dictyostelium_purpureum.v1.0.pep.all.fa	--taxid	5786	--source	Ensembl,Protists	--type	DNA	--ver	v1.0	--pub	NA	Dictyostelium purpureum str. QSDP1
./bin/plant	--populate	--user	test	--pass	test	--db	cider	--fasta	Ectocarpus_siliculosus_gca_000310025.ASM31002v1.pep.all.fa	--taxid	2880	--source	Ensembl,Protists	--type	DNA	--ver	ASM31002v1	--pub	NA	Ectocarpus siliculosus str. Ec 32 (CCAP 1310/04)
./bin/plant	--populate	--user	test	--pass	test	--db	cider	--fasta	Eimeria_acervulina.EAH001.pep.all.fa	--taxid	5801	--source	Ensembl,Protists	--type	DNA	--ver	EAH001	--pub	NA	Eimeria acervulina
./bin/plant	--populate	--user	test	--pass	test	--db	cider	--fasta	Eimeria_brunetti.EBH001.pep.all.fa	--taxid	51314	--source	Ensembl,Protists	--type	DNA	--ver	EBH001	--pub	NA	Eimeria brunetti
./bin/plant	--populate	--user	test	--pass	test	--db	cider	--fasta	Eimeria_maxima.EMW001.pep.all.fa	--taxid	5804	--source	Ensembl,Protists	--type	DNA	--ver	EMW001	--pub	NA	Eimeria maxima str. Weybridge
./bin/plant	--populate	--user	test	--pass	test	--db	cider	--fasta	Eimeria_mitis.EMH001.pep.all.fa	--taxid	44415	--source	Ensembl,Protists	--type	DNA	--ver	EMH001	--pub	NA	Eimeria mitis
./bin/plant	--populate	--user	test	--pass	test	--db	cider	--fasta	Eimeria_necatrix.ENH001.pep.all.fa	--taxid	51315	--source	Ensembl,Protists	--type	DNA	--ver	ENH001	--pub	NA	Eimeria necatrix
./bin/plant	--populate	--user	test	--pass	test	--db	cider	--fasta	Eimeria_praecox.EPH001.pep.all.fa	--taxid	51316	--source	Ensembl,Protists	--type	DNA	--ver	EPH001	--pub	NA	Eimeria praecox
./bin/plant	--populate	--user	test	--pass	test	--db	cider	--fasta	Eimeria_tenella_gca_000499545.ETH001.pep.all.fa	--taxid	5802	--source	Ensembl,Protists	--type	DNA	--ver	ETH001	--pub	NA	Eimeria tenella str. Houghton
./bin/plant	--populate	--user	test	--pass	test	--db	cider	--fasta	Emiliania_huxleyi.Emiliana_huxleyi_CCMP1516_main_genome_assembly_v1.0.pep.all.fa	--taxid	280463	--source	Ensembl,Protists	--type	DNA	--ver	Emiliana_huxleyi_CCMP1516_main_genome_assembly_v1.0	--pub	NA	Emiliania huxleyi
./bin/plant	--populate	--user	test	--pass	test	--db	cider	--fasta	Entamoeba_dispar_saw760.JCVI_EDISG_1.0.pep.all.fa	--taxid	370354	--source	Ensembl,Protists	--type	DNA	--ver	JCVI_EDISG_1.0	--pub	NA	Entamoeba dispar SAW760
./bin/plant	--populate	--user	test	--pass	test	--db	cider	--fasta	Entamoeba_histolytica_gca_001662325.Ehistolytica_2016.pep.all.fa	--taxid	294381	--source	Ensembl,Protists	--type	DNA	--ver	JCVI-ESG2-1.0	--pub	NA	Entamoeba histolytica
./bin/plant	--populate	--user	test	--pass	test	--db	cider	--fasta	Entamoeba_histolytica_hm_1_imss_a_gca_000365475.EHA_CA_v1.pep.all.fa	--taxid	885318	--source	Ensembl,Protists	--type	DNA	--ver	EHA_CA_v1	--pub	NA	Entamoeba histolytica HM-1:IMSS-A
./bin/plant	--populate	--user	test	--pass	test	--db	cider	--fasta	Entamoeba_histolytica_hm_1_imss_b_gca_000344925.EHA_CB_v1.pep.all.fa	--taxid	885319	--source	Ensembl,Protists	--type	DNA	--ver	EHA_CB_v1	--pub	NA	Entamoeba histolytica HM-1:IMSS-B str. HM3:IMSS-B
./bin/plant	--populate	--user	test	--pass	test	--db	cider	--fasta	Entamoeba_histolytica_hm_3_imss_gca_000346345.EHA.strHM3_v1.pep.all.fa	--taxid	885315	--source	Ensembl,Protists	--type	DNA	--ver	EHA.strHM3_v1	--pub	NA	Entamoeba histolytica HM-3:IMSS
./bin/plant	--populate	--user	test	--pass	test	--db	cider	--fasta	Entamoeba_histolytica_ku27_gca_000338855.EHA_ku27_v1.pep.all.fa	--taxid	885311	--source	Ensembl,Protists	--type	DNA	--ver	EHA_ku27_v1	--pub	NA	Entamoeba histolytica KU27
./bin/plant	--populate	--user	test	--pass	test	--db	cider	--fasta	Entamoeba_histolytica.JCVI-ESG2-1.0.pep.all.fa	--taxid	5759	--source	Ensembl,Protists	--type	DNA	--ver	Ehistolytica_2016	--pub	NA	Entamoeba histolytica str. HM1:IMSS clone 6
./bin/plant	--populate	--user	test	--pass	test	--db	cider	--fasta	Entamoeba_invadens_ip1_gca_000330505.EIA2_v2.pep.all.fa	--taxid	370355	--source	Ensembl,Protists	--type	DNA	--ver	EIA2_v2	--pub	NA	Entamoeba invadens IP1
./bin/plant	--populate	--user	test	--pass	test	--db	cider	--fasta	Entamoeba_nuttalli_p19_gca_000257125.ENU1_v1.pep.all.fa	--taxid	1076696	--source	Ensembl,Protists	--type	DNA	--ver	ENU1_v1	--pub	NA	Entamoeba nuttalli P19
./bin/plant	--populate	--user	test	--pass	test	--db	cider	--fasta	Fonticula_alba_gca_000388065.Font_alba_ATCC_38817_V2.pep.all.fa	--taxid	691883	--source	Ensembl,Protists	--type	DNA	--ver	Font_alba_ATCC_38817_V2	--pub	NA	Fonticula alba str. ATCC 38817
./bin/plant	--populate	--user	test	--pass	test	--db	cider	--fasta	Fragilariopsis_cylindrus_ccmp1102_gca_001750085.Fracy1.pep.all.fa	--taxid	635003	--source	Ensembl,Protists	--type	DNA	--ver	Fracy1	--pub	NA	Fragilariopsis cylindrus CCMP1102
./bin/plant	--populate	--user	test	--pass	test	--db	cider	--fasta	Giardia_intestinalis_assemblage_b.G_duodenalis_AssB_BAH15c1.pep.all.fa	--taxid	1394984	--source	Ensembl,Protists	--type	DNA	--ver	G_duodenalis_AssB_BAH15c1	--pub	NA	Giardia intestinalis assemblage B str. BAH15c1
./bin/plant	--populate	--user	test	--pass	test	--db	cider	--fasta	Giardia_intestinalis_atcc_50581.ASM18240v1.pep.all.fa	--taxid	598745	--source	Ensembl,Protists	--type	DNA	--ver	ASM18240v1	--pub	NA	Giardia intestinalis ATCC 50581 str. GS/M H7
./bin/plant	--populate	--user	test	--pass	test	--db	cider	--fasta	Giardia_intestinalis_gca_000498715.ASM49871v1.pep.all.fa	--taxid	5741	--source	Ensembl,Protists	--type	DNA	--ver	ASM49871v1	--pub	NA	Giardia intestinalis str. DH
./bin/plant	--populate	--user	test	--pass	test	--db	cider	--fasta	Giardia_lamblia.GL2.pep.all.fa	--taxid	184922	--source	Ensembl,Protists	--type	DNA	--ver	GL2	--pub	NA	Giardia lamblia
./bin/plant	--populate	--user	test	--pass	test	--db	cider	--fasta	Giardia_lamblia_p15.ASM18266v1.pep.all.fa	--taxid	658858	--source	Ensembl,Protists	--type	DNA	--ver	ASM18266v1	--pub	NA	Giardia lamblia P15
./bin/plant	--populate	--user	test	--pass	test	--db	cider	--fasta	Gregarina_niphandrodes.GNI3.pep.all.fa	--taxid	110365	--source	Ensembl,Protists	--type	DNA	--ver	GNI3	--pub	NA	Gregarina niphandrodes
./bin/plant	--populate	--user	test	--pass	test	--db	cider	--fasta	Guillardia_theta.Guith1.pep.all.fa	--taxid	55529	--source	Ensembl,Protists	--type	DNA	--ver	ASM297v1	--pub	NA	Guillardia theta
./bin/plant	--populate	--user	test	--pass	test	--db	cider	--fasta	Guillardia_theta_gca_000002975.ASM297v1.pep.all.fa	--taxid	905079	--source	Ensembl,Protists	--type	DNA	--ver	Guith1	--pub	NA	Guillardia theta CCMP2712
./bin/plant	--populate	--user	test	--pass	test	--db	cider	--fasta	Hammondia_hammondi_gca_000258005.HHA1_v02.pep.all.fa	--taxid	99158	--source	Ensembl,Protists	--type	DNA	--ver	HHA1_v02	--pub	NA	Hammondia hammondi str. H.H.34
./bin/plant	--populate	--user	test	--pass	test	--db	cider	--fasta	Hondaea_fermentalgiana_gca_002897355.Aurantiochytrium_FCC1311_v1.pep.all.fa	--taxid	2315210	--source	Ensembl,Protists	--type	DNA	--ver	Aurantiochytrium_FCC1311_v1	--pub	NA	Hondaea fermentalgiana
./bin/plant	--populate	--user	test	--pass	test	--db	cider	--fasta	Hyaloperonospora_arabidopsidis.HyaAraEmoy2_2.0.pep.all.fa	--taxid	559515	--source	Ensembl,Protists	--type	DNA	--ver	HyaAraEmoy2_2.0	--pub	NA	Hyaloperonospora arabidopsidis
./bin/plant	--populate	--user	test	--pass	test	--db	cider	--fasta	Ichthyophthirius_multifiliis.JCVI-IMG1-V.1.pep.all.fa	--taxid	5932	--source	Ensembl,Protists	--type	DNA	--ver	JCVI-IMG1-V.1	--pub	NA	Ichthyophthirius multifiliis str. G5
./bin/plant	--populate	--user	test	--pass	test	--db	cider	--fasta	Kipferlia_bialata_gca_003568945.KIPB_1.0.pep.all.fa	--taxid	797122	--source	Ensembl,Protists	--type	DNA	--ver	KIPB_1.0	--pub	NA	Kipferlia bialata
./bin/plant	--populate	--user	test	--pass	test	--db	cider	--fasta	Leishmania_braziliensis_mhom_br_75_m2904.ASM284v2.pep.all.fa	--taxid	420245	--source	Ensembl,Protists	--type	DNA	--ver	ASM284v2	--pub	NA	Leishmania braziliensis
./bin/plant	--populate	--user	test	--pass	test	--db	cider	--fasta	Leishmania_donovani_bpk282a1.ASM22713v2.pep.all.fa	--taxid	981087	--source	Ensembl,Protists	--type	DNA	--ver	ASM22713v2	--pub	NA	Leishmania donovani str. BPK282A1
./bin/plant	--populate	--user	test	--pass	test	--db	cider	--fasta	Leishmania_infantum_jpcm5.ASM287v2.pep.all.fa	--taxid	435258	--source	Ensembl,Protists	--type	DNA	--ver	ASM287v2	--pub	NA	Leishmania infantum
./bin/plant	--populate	--user	test	--pass	test	--db	cider	--fasta	Leishmania_major.ASM272v2.pep.all.fa	--taxid	347515	--source	Ensembl,Protists	--type	DNA	--ver	ASM272v2	--pub	NA	Leishmania major
./bin/plant	--populate	--user	test	--pass	test	--db	cider	--fasta	Leishmania_mexicana_mhom_gt_2001_u1103.ASM23466v4.pep.all.fa	--taxid	929439	--source	Ensembl,Protists	--type	DNA	--ver	ASM23466v4	--pub	NA	Leishmania mexicana
./bin/plant	--populate	--user	test	--pass	test	--db	cider	--fasta	Leishmania_panamensis.ASM75516v1.pep.all.fa	--taxid	5679	--source	Ensembl,Protists	--type	DNA	--ver	ASM75516v1	--pub	NA	Leishmania panamensis str. MHOM/PA/94/PSC-1
./bin/plant	--populate	--user	test	--pass	test	--db	cider	--fasta	Leptomonas_pyrrhocoris.ASM129339v1.pep.all.fa	--taxid	157538	--source	Ensembl,Protists	--type	DNA	--ver	ASM129339v1	--pub	NA	Leptomonas pyrrhocoris str. H10
./bin/plant	--populate	--user	test	--pass	test	--db	cider	--fasta	Leptomonas_seymouri.ASM129953v1.pep.all.fa	--taxid	5684	--source	Ensembl,Protists	--type	DNA	--ver	ASM129953v1	--pub	NA	Leptomonas seymouri str. ATCC 30220
./bin/plant	--populate	--user	test	--pass	test	--db	cider	--fasta	Lotharella_oceanica.ASM69843v2.pep.all.fa	--taxid	641309	--source	Ensembl,Protists	--type	DNA	--ver	ASM69843v2	--pub	NA	Lotharella oceanica
./bin/plant	--populate	--user	test	--pass	test	--db	cider	--fasta	Monosiga_brevicollis_mx1.V1.0.pep.all.fa	--taxid	431895	--source	Ensembl,Protists	--type	DNA	--ver	V1.0	--pub	NA	Monosiga brevicollis MX1
./bin/plant	--populate	--user	test	--pass	test	--db	cider	--fasta	Naegleria_gruberi.V1.0.pep.all.fa	--taxid	5762	--source	Ensembl,Protists	--type	DNA	--ver	V1.0	--pub	NA	Naegleria gruberi str. NEG-M
./bin/plant	--populate	--user	test	--pass	test	--db	cider	--fasta	Nannochloropsis_gaditana.NagaB31_1.0.pep.all.fa	--taxid	1093141	--source	Ensembl,Protists	--type	DNA	--ver	ASM24072v1	--pub	NA	Nannochloropsis gaditana CCMP526
./bin/plant	--populate	--user	test	--pass	test	--db	cider	--fasta	Nannochloropsis_gaditana_ccmp526.ASM24072v1.pep.all.fa	--taxid	72520	--source	Ensembl,Protists	--type	DNA	--ver	NagaB31_1.0	--pub	NA	Nannochloropsis gaditana str. B-31
./bin/plant	--populate	--user	test	--pass	test	--db	cider	--fasta	Nothophytophthora_sp_chile5_gca_001712635.PfChile5v2.0.pep.all.fa	--taxid	2483409	--source	Ensembl,Protists	--type	DNA	--ver	PfChile5v2.0	--pub	NA	Nothophytophthora sp. Chile5
./bin/plant	--populate	--user	test	--pass	test	--db	cider	--fasta	Oxytricha_trifallax.oxytricha_asm_v1.1.pep.all.fa	--taxid	1172189	--source	Ensembl,Protists	--type	DNA	--ver	oxytricha_asm_v1.1	--pub	NA	Oxytricha trifallax str. JRB310
./bin/plant	--populate	--user	test	--pass	test	--db	cider	--fasta	Paramecium_tetraurelia.ASM16542v1.pep.all.fa	--taxid	5888	--source	Ensembl,Protists	--type	DNA	--ver	ASM16542v1	--pub	NA	Paramecium tetraurelia
./bin/plant	--populate	--user	test	--pass	test	--db	cider	--fasta	Paulinella_chromatophora.ASM1792v1.pep.all.fa	--taxid	39717	--source	Ensembl,Protists	--type	DNA	--ver	ASM1792v1	--pub	NA	Paulinella chromatophora
./bin/plant	--populate	--user	test	--pass	test	--db	cider	--fasta	Perkinsela_sp_ccap_1560_4.ASM123584v1.pep.all.fa	--taxid	1314962	--source	Ensembl,Protists	--type	DNA	--ver	ASM123584v1	--pub	NA	Perkinsela sp. CCAP 1560/4
./bin/plant	--populate	--user	test	--pass	test	--db	cider	--fasta	Perkinsus_marinus_atcc_50983.JCVI_PMG_1.0.pep.all.fa	--taxid	423536	--source	Ensembl,Protists	--type	DNA	--ver	JCVI_PMG_1.0	--pub	NA	Perkinsus marinus ATCC 50983 str. PmCV4CB5 2B3 D4
./bin/plant	--populate	--user	test	--pass	test	--db	cider	--fasta	Peronospora_effusa_gca_003843895.ASM384389v1.pep.all.fa	--taxid	542832	--source	Ensembl,Protists	--type	DNA	--ver	ASM384389v1	--pub	NA	Peronospora effusa
./bin/plant	--populate	--user	test	--pass	test	--db	cider	--fasta	Phaeodactylum_tricornutum.ASM15095v2.pep.all.fa	--taxid	556484	--source	Ensembl,Protists	--type	DNA	--ver	ASM15095v2	--pub	NA	Phaeodactylum tricornutum
./bin/plant	--populate	--user	test	--pass	test	--db	cider	--fasta	Phytomonas_sp_isolate_em1.AKH_PRJEB1535_v1.pep.all.fa	--taxid	134006	--source	Ensembl,Protists	--type	DNA	--ver	AKH_PRJEB1535_v1	--pub	NA	Phytomonas sp. isolate EM1
./bin/plant	--populate	--user	test	--pass	test	--db	cider	--fasta	Phytomonas_sp_isolate_hart1.AKI_PRJEB1539_v1.pep.all.fa	--taxid	134013	--source	Ensembl,Protists	--type	DNA	--ver	AKI_PRJEB1539_v1	--pub	NA	Phytomonas sp. isolate Hart1
./bin/plant	--populate	--user	test	--pass	test	--db	cider	--fasta	Phytophthora_cactorum_gca_003287315.Pcac_10300_v1.pep.all.fa	--taxid	29920	--source	Ensembl,Protists	--type	DNA	--ver	Pcac_10300_v1	--pub	NA	Phytophthora cactorum str. 10300
./bin/plant	--populate	--user	test	--pass	test	--db	cider	--fasta	Phytophthora_infestans.ASM14294v1.pep.all.fa	--taxid	403677	--source	Ensembl,Protists	--type	DNA	--ver	ASM14294v1	--pub	NA	Phytophthora infestans
./bin/plant	--populate	--user	test	--pass	test	--db	cider	--fasta	Phytophthora_kernoviae.PhyKer238_432v1.pep.all.fa	--taxid	1284355	--source	Ensembl,Protists	--type	DNA	--ver	PhyKer238_432v1	--pub	NA	Phytophthora kernoviae
./bin/plant	--populate	--user	test	--pass	test	--db	cider	--fasta	Phytophthora_kernoviae.PhyKer238_432v1.pep.all.fa	--taxid	325452	--source	Ensembl,Protists	--type	DNA	--ver	PkChile2v2.0	--pub	NA	Phytophthora kernoviae
./bin/plant	--populate	--user	test	--pass	test	--db	cider	--fasta	Phytophthora_lateralis.MPF4_v1.0.pep.all.fa	--taxid	1254522	--source	Ensembl,Protists	--type	DNA	--ver	MPF4_v1.0	--pub	NA	Phytophthora lateralis
./bin/plant	--populate	--user	test	--pass	test	--db	cider	--fasta	Phytophthora_megakarya_gca_002215365.ASM221536v1.pep.all.fa	--taxid	4795	--source	Ensembl,Protists	--type	DNA	--ver	ASM221536v1	--pub	NA	Phytophthora megakarya str. zdho120
./bin/plant	--populate	--user	test	--pass	test	--db	cider	--fasta	Phytophthora_nicotianae.ASM148298v1.pep.all.fa	--taxid	4790	--source	Ensembl,Protists	--type	DNA	--ver	ASM148298v1	--pub	NA	Phytophthora nicotianae
./bin/plant	--populate	--user	test	--pass	test	--db	cider	--fasta	Phytophthora_palmivora_var_palmivora_gca_002911725.ASM291172v1.pep.all.fa	--taxid	611791	--source	Ensembl,Protists	--type	DNA	--ver	ASM291172v1	--pub	NA	Phytophthora palmivora var. palmivora str. sbr112.9
./bin/plant	--populate	--user	test	--pass	test	--db	cider	--fasta	Phytophthora_parasitica.Phyt_para_P1569_V1.pep.all.fa	--taxid	1317065	--source	Ensembl,Protists	--type	DNA	--ver	Phyt_para_P1569_V1	--pub	NA	Phytophthora parasitica
./bin/plant	--populate	--user	test	--pass	test	--db	cider	--fasta	Phytophthora_parasitica_cj01a1.Phyt_para_CJ01A1_V1.pep.all.fa	--taxid	1317063	--source	Ensembl,Protists	--type	DNA	--ver	Phyt_para_CJ01A1_V1	--pub	NA	Phytophthora parasitica CJ01A1
./bin/plant	--populate	--user	test	--pass	test	--db	cider	--fasta	Phytophthora_parasitica_inra_310.PP_INRA-310_V2.pep.all.fa	--taxid	761204	--source	Ensembl,Protists	--type	DNA	--ver	PP_INRA-310_V2	--pub	NA	Phytophthora parasitica INRA-310
./bin/plant	--populate	--user	test	--pass	test	--db	cider	--fasta	Phytophthora_parasitica_p10297.Phyt_para_P10297_V1.pep.all.fa	--taxid	1317064	--source	Ensembl,Protists	--type	DNA	--ver	Phyt_para_P10297_V1	--pub	NA	Phytophthora parasitica P10297
./bin/plant	--populate	--user	test	--pass	test	--db	cider	--fasta	Phytophthora_parasitica_p1976.Phyt_para_P1976_V1.pep.all.fa	--taxid	1317066	--source	Ensembl,Protists	--type	DNA	--ver	Phyt_para_P1976_V1	--pub	NA	Phytophthora parasitica P1976
./bin/plant	--populate	--user	test	--pass	test	--db	cider	--fasta	Phytophthora_parasitica_gca_000509505.Phyt_para_CHvinca01_V1.pep.all.fa	--taxid	4792	--source	Ensembl,Protists	--type	DNA	--ver	Phyt_para_CHvinca01_V1	--pub	NA	Phytophthora parasitica str. CHvinca01
./bin/plant	--populate	--user	test	--pass	test	--db	cider	--fasta	Phytophthora_ramorum.ASM14973v1.pep.all.fa	--taxid	164328	--source	Ensembl,Protists	--type	DNA	--ver	ASM14973v1	--pub	NA	Phytophthora ramorum
./bin/plant	--populate	--user	test	--pass	test	--db	cider	--fasta	Phytophthora_sojae.P_sojae_V3_0.pep.all.fa	--taxid	67593	--source	Ensembl,Protists	--type	DNA	--ver	P_sojae_V3_0	--pub	NA	Phytophthora sojae
./bin/plant	--populate	--user	test	--pass	test	--db	cider	--fasta	Planoprotostelium_fungivorum_gca_003024175.ASM302417v1.pep.all.fa	--taxid	1890364	--source	Ensembl,Protists	--type	DNA	--ver	ASM302417v1	--pub	NA	Planoprotostelium fungivorum str. Jena
./bin/plant	--populate	--user	test	--pass	test	--db	cider	--fasta	Plasmodiophora_brassicae.pbe3.h15.pep.all.fa	--taxid	37360	--source	Ensembl,Protists	--type	DNA	--ver	pbe3.h15	--pub	NA	Plasmodiophora brassicae
./bin/plant	--populate	--user	test	--pass	test	--db	cider	--fasta	Plasmodium_berghei_gca_900044335.PbK173.pep.all.fa	--taxid	5821	--source	Ensembl,Protists	--type	DNA	--ver	ASM539v1	--pub	NA	Plasmodium berghei
./bin/plant	--populate	--user	test	--pass	test	--db	cider	--fasta	Plasmodium_berghei.PBANKA01.pep.all.fa	--taxid	5821	--source	Ensembl,Protists	--type	DNA	--ver	PbSP11RLL	--pub	NA	Plasmodium berghei
./bin/plant	--populate	--user	test	--pass	test	--db	cider	--fasta	Plasmodium_chabaudi.PCHAS01.pep.all.fa	--taxid	31271	--source	Ensembl,Protists	--type	DNA	--ver	PchCB	--pub	NA	Plasmodium chabaudi chabaudi
./bin/plant	--populate	--user	test	--pass	test	--db	cider	--fasta	Plasmodium_coatneyi.ASM168000v1.pep.all.fa	--taxid	208452	--source	Ensembl,Protists	--type	DNA	--ver	ASM168000v1	--pub	NA	Plasmodium coatneyi
./bin/plant	--populate	--user	test	--pass	test	--db	cider	--fasta	Plasmodium_cynomolgi_strain_b.PcynB_1.0.pep.all.fa	--taxid	1120755	--source	Ensembl,Protists	--type	DNA	--ver	PcynB_1.0	--pub	NA	Plasmodium cynomolgi strain B
./bin/plant	--populate	--user	test	--pass	test	--db	cider	--fasta	Plasmodium_falciparum.EPr1.pep.all.fa	--taxid	36329	--source	Ensembl,Protists	--type	DNA	--ver	EPr1	--pub	NA	Plasmodium falciparum 3D7
./bin/plant	--populate	--user	test	--pass	test	--db	cider	--fasta	Plasmodium_falciparum_7g8.Plas_falc_7G8_V1.pep.all.fa	--taxid	57266	--source	Ensembl,Protists	--type	DNA	--ver	Plas_falc_7G8_V1	--pub	NA	Plasmodium falciparum 7G8
./bin/plant	--populate	--user	test	--pass	test	--db	cider	--fasta	Plasmodium_falciparum_camp_malaysia.Plas_falc_Malayan_Camp_V1.pep.all.fa	--taxid	5835	--source	Ensembl,Protists	--type	DNA	--ver	Plas_falc_Malayan_Camp_V1	--pub	NA	Plasmodium falciparum CAMP/Malaysia
./bin/plant	--populate	--user	test	--pass	test	--db	cider	--fasta	Plasmodium_falciparum_dd2.ASM14979v1.pep.all.fa	--taxid	57267	--source	Ensembl,Protists	--type	DNA	--ver	ASM14979v1	--pub	NA	Plasmodium falciparum Dd2
./bin/plant	--populate	--user	test	--pass	test	--db	cider	--fasta	Plasmodium_falciparum_fch_4.Plas_falc_FCH_4_V2.pep.all.fa	--taxid	1036724	--source	Ensembl,Protists	--type	DNA	--ver	Plas_falc_FCH_4_V2	--pub	NA	Plasmodium falciparum FCH/4
./bin/plant	--populate	--user	test	--pass	test	--db	cider	--fasta	Plasmodium_falciparum_hb3.ASM14966v2.pep.all.fa	--taxid	137071	--source	Ensembl,Protists	--type	DNA	--ver	ASM14966v2	--pub	NA	Plasmodium falciparum HB3
./bin/plant	--populate	--user	test	--pass	test	--db	cider	--fasta	Plasmodium_falciparum_igh_cr14.ASM18605v2.pep.all.fa	--taxid	580059	--source	Ensembl,Protists	--type	DNA	--ver	ASM18605v2	--pub	NA	Plasmodium falciparum IGH-CR14
./bin/plant	--populate	--user	test	--pass	test	--db	cider	--fasta	Plasmodium_falciparum_malips096_e11.Plas_falc_MaliPS096_E11_V1.pep.all.fa	--taxid	1036727	--source	Ensembl,Protists	--type	DNA	--ver	Plas_falc_MaliPS096_E11_V1	--pub	NA	Plasmodium falciparum MaliPS096_E11
./bin/plant	--populate	--user	test	--pass	test	--db	cider	--fasta	Plasmodium_falciparum_nf135_5_c10.Plas_falc_NF135_5_C10_V1.pep.all.fa	--taxid	1036726	--source	Ensembl,Protists	--type	DNA	--ver	Plas_falc_NF135_5_C10_V1	--pub	NA	Plasmodium falciparum NF135/5.C10
./bin/plant	--populate	--user	test	--pass	test	--db	cider	--fasta	Plasmodium_falciparum_nf54_gca_002831795.ASM283179v1.pep.all.fa	--taxid	5843	--source	Ensembl,Protists	--type	DNA	--ver	ASM283179v1	--pub	NA	Plasmodium falciparum NF54
./bin/plant	--populate	--user	test	--pass	test	--db	cider	--fasta	Plasmodium_falciparum_palo_alto_uganda.Plas_falc_Uganda_Palo-Alto_FUP_H_V1.pep.all.fa	--taxid	57270	--source	Ensembl,Protists	--type	DNA	--ver	Plas_falc_Uganda_Palo-Alto_FUP_H_V1	--pub	NA	Plasmodium falciparum Palo Alto/Uganda
./bin/plant	--populate	--user	test	--pass	test	--db	cider	--fasta	Plasmodium_falciparum_raj116.ASM18602v2.pep.all.fa	--taxid	580058	--source	Ensembl,Protists	--type	DNA	--ver	ASM18602v2	--pub	NA	Plasmodium falciparum RAJ116
./bin/plant	--populate	--user	test	--pass	test	--db	cider	--fasta	Plasmodium_falciparum_santa_lucia.Plas_falc_Santa_Lucia_Salvador_I_V1.pep.all.fa	--taxid	478859	--source	Ensembl,Protists	--type	DNA	--ver	Plas_falc_Santa_Lucia_Salvador_I_V1	--pub	NA	Plasmodium falciparum Santa Lucia
./bin/plant	--populate	--user	test	--pass	test	--db	cider	--fasta	Plasmodium_falciparum_tanzania_2000708_.Plas_falc_02000708_V1.pep.all.fa	--taxid	1036725	--source	Ensembl,Protists	--type	DNA	--ver	Plas_falc_02000708_V1	--pub	NA	Plasmodium falciparum Tanzania (2000708)
./bin/plant	--populate	--user	test	--pass	test	--db	cider	--fasta	Plasmodium_falciparum_ugt5_1.Plas_falc_5_1_V1.pep.all.fa	--taxid	1237627	--source	Ensembl,Protists	--type	DNA	--ver	Plas_falc_5_1_V1	--pub	NA	Plasmodium falciparum UGT5.1
./bin/plant	--populate	--user	test	--pass	test	--db	cider	--fasta	Plasmodium_falciparum_vietnam_oak_knoll_fvo_.Plas_falc_Vietnam_Oak-Knoll_FVO_V1.pep.all.fa	--taxid	1036723	--source	Ensembl,Protists	--type	DNA	--ver	Plas_falc_Vietnam_Oak-Knoll_FVO_V1	--pub	NA	Plasmodium falciparum Vietnam Oak-Knoll (FVO)
./bin/plant	--populate	--user	test	--pass	test	--db	cider	--fasta	Plasmodium_fragile.Plas_frag_nilgiri_V1.pep.all.fa	--taxid	5857	--source	Ensembl,Protists	--type	DNA	--ver	Plas_frag_nilgiri_V1	--pub	NA	Plasmodium fragile str. multiple
./bin/plant	--populate	--user	test	--pass	test	--db	cider	--fasta	Plasmodium_gaboni.ASM160202v1.pep.all.fa	--taxid	647221	--source	Ensembl,Protists	--type	DNA	--ver	ASM160202v1	--pub	NA	Plasmodium gaboni
./bin/plant	--populate	--user	test	--pass	test	--db	cider	--fasta	Plasmodium_gallinaceum_gca_900005855.PGAL8A.pep.all.fa	--taxid	5849	--source	Ensembl,Protists	--type	DNA	--ver	PGAL8A	--pub	NA	Plasmodium gallinaceum
./bin/plant	--populate	--user	test	--pass	test	--db	cider	--fasta	Plasmodium_gonderi_gca_002157705.Pgonderi_assembly01.pep.all.fa	--taxid	77519	--source	Ensembl,Protists	--type	DNA	--ver	Pgonderi_assembly01	--pub	NA	Plasmodium gonderi
./bin/plant	--populate	--user	test	--pass	test	--db	cider	--fasta	Plasmodium_inui_san_antonio_1.Plas_inui_San_Antonio_1_V1.pep.all.fa	--taxid	1237626	--source	Ensembl,Protists	--type	DNA	--ver	Plas_inui_San_Antonio_1_V1	--pub	NA	Plasmodium inui San Antonio 1
./bin/plant	--populate	--user	test	--pass	test	--db	cider	--fasta	Plasmodium_knowlesi_gca_002140095.PKNOHv1.pep.all.fa	--taxid	5851	--source	Ensembl,Protists	--type	DNA	--ver	ASM635v1	--pub	NA	Plasmodium knowlesi
./bin/plant	--populate	--user	test	--pass	test	--db	cider	--fasta	Plasmodium_knowlesi_gca_002140095.PKNOHv1.pep.all.fa	--taxid	5850	--source	Ensembl,Protists	--type	DNA	--ver	PKNOHv1	--pub	NA	Plasmodium knowlesi str. Malayan Strain Pk1 (A+)
./bin/plant	--populate	--user	test	--pass	test	--db	cider	--fasta	Plasmodium_malariae.Pmal.pep.all.fa	--taxid	5858	--source	Ensembl,Protists	--type	DNA	--ver	Pmal	--pub	NA	Plasmodium malariae
./bin/plant	--populate	--user	test	--pass	test	--db	cider	--fasta	Plasmodium_ovale_gca_900090025.PowCR01.pep.all.fa	--taxid	36330	--source	Ensembl,Protists	--type	DNA	--ver	PowCR01	--pub	NA	Plasmodium ovale
./bin/plant	--populate	--user	test	--pass	test	--db	cider	--fasta	Plasmodium_ovale_curtisi.Poc1.pep.all.fa	--taxid	864141	--source	Ensembl,Protists	--type	DNA	--ver	Poc1	--pub	NA	Plasmodium ovale curtisi
./bin/plant	--populate	--user	test	--pass	test	--db	cider	--fasta	Plasmodium_ovale_wallikeri.Pow2.pep.all.fa	--taxid	864142	--source	Ensembl,Protists	--type	DNA	--ver	Pow2	--pub	NA	Plasmodium ovale wallikeri
./bin/plant	--populate	--user	test	--pass	test	--db	cider	--fasta	Plasmodium_reichenowi_gca_001601855.ASM160185v1.pep.all.fa	--taxid	5854	--source	Ensembl,Protists	--type	DNA	--ver	ASM160185v1	--pub	NA	Plasmodium reichenowi
./bin/plant	--populate	--user	test	--pass	test	--db	cider	--fasta	Plasmodium_relictum_gca_900005765.PRELSG.pep.all.fa	--taxid	85471	--source	Ensembl,Protists	--type	DNA	--ver	PRELSG	--pub	NA	Plasmodium relictum
./bin/plant	--populate	--user	test	--pass	test	--db	cider	--fasta	Plasmodium_sp_drc_itaito_gca_900257145.Plasmodium_billcollinsi.pep.all.fa	--taxid	720590	--source	Ensembl,Protists	--type	DNA	--ver	Plasmodium_billcollinsi	--pub	NA	Plasmodium sp. DRC-Itaito
./bin/plant	--populate	--user	test	--pass	test	--db	cider	--fasta	Plasmodium_sp_gorilla_clade_g2_gca_900097015.PADLG01.pep.all.fa	--taxid	880535	--source	Ensembl,Protists	--type	DNA	--ver	PADLG01	--pub	NA	Plasmodium sp. gorilla clade G2
./bin/plant	--populate	--user	test	--pass	test	--db	cider	--fasta	Plasmodium_vinckei_petteri.Plas_vinc_pett_CR_V1.pep.all.fa	--taxid	138298	--source	Ensembl,Protists	--type	DNA	--ver	Plas_vinc_pett_CR_V1	--pub	NA	Plasmodium vinckei petteri str. CR
./bin/plant	--populate	--user	test	--pass	test	--db	cider	--fasta	Plasmodium_vinckei_vinckei.Plas_vinc_vinckei_V1.pep.all.fa	--taxid	54757	--source	Ensembl,Protists	--type	DNA	--ver	Plas_vinc_vinckei_V1	--pub	NA	Plasmodium vinckei vinckei
./bin/plant	--populate	--user	test	--pass	test	--db	cider	--fasta	Plasmodium_vivax.ASM241v2.pep.all.fa	--taxid	5855	--source	Ensembl,Protists	--type	DNA	--ver	ASM241v2	--pub	NA	Plasmodium vivax
./bin/plant	--populate	--user	test	--pass	test	--db	cider	--fasta	Plasmodium_vivax_brazil_i.PV_Brazil_I_V1.pep.all.fa	--taxid	1033975	--source	Ensembl,Protists	--type	DNA	--ver	PV_Brazil_I_V1	--pub	NA	Plasmodium vivax Brazil I
./bin/plant	--populate	--user	test	--pass	test	--db	cider	--fasta	Plasmodium_vivax_india_vii.PV_India_VII_V2.pep.all.fa	--taxid	1077284	--source	Ensembl,Protists	--type	DNA	--ver	PV_India_VII_V2	--pub	NA	Plasmodium vivax India VII
./bin/plant	--populate	--user	test	--pass	test	--db	cider	--fasta	Plasmodium_vivax_mauritania_i.PV_Mauritania_I_V1.pep.all.fa	--taxid	1035515	--source	Ensembl,Protists	--type	DNA	--ver	PV_Mauritania_I_V1	--pub	NA	Plasmodium vivax Mauritania I
./bin/plant	--populate	--user	test	--pass	test	--db	cider	--fasta	Plasmodium_vivax_north_korean.PV_N_Korean_V1.pep.all.fa	--taxid	1035514	--source	Ensembl,Protists	--type	DNA	--ver	PV_N_Korean_V1	--pub	NA	Plasmodium vivax North Korean
./bin/plant	--populate	--user	test	--pass	test	--db	cider	--fasta	Plasmodium_yoelii.PY17X01.pep.all.fa	--taxid	1323249	--source	Ensembl,Protists	--type	DNA	--ver	Plas_yoel_17X_V2	--pub	NA	Plasmodium yoelii 17X
./bin/plant	--populate	--user	test	--pass	test	--db	cider	--fasta	Plasmodium_yoelii_17x.Plas_yoel_17X_V2.pep.all.fa	--taxid	5861	--source	Ensembl,Protists	--type	DNA	--ver	PY17X01	--pub	NA	Plasmodium yoelii str. 17X
./bin/plant	--populate	--user	test	--pass	test	--db	cider	--fasta	Plasmodium_yoelii_yoelii.ASM308v2.pep.all.fa	--taxid	73239	--source	Ensembl,Protists	--type	DNA	--ver	ASM308v2	--pub	NA	Plasmodium yoelii yoelii str. 17XNL
./bin/plant	--populate	--user	test	--pass	test	--db	cider	--fasta	Plasmopara_halstedii_gca_900000015.Plasmopara_halstedii_genome.pep.all.fa	--taxid	4781	--source	Ensembl,Protists	--type	DNA	--ver	Plasmopara_halstedii_genome	--pub	NA	Plasmopara halstedii
./bin/plant	--populate	--user	test	--pass	test	--db	cider	--fasta	Polysphondylium_pallidum_pn500.PolPal_Dec2009.pep.all.fa	--taxid	670386	--source	Ensembl,Protists	--type	DNA	--ver	PolPal_Dec2009	--pub	NA	Polysphondylium pallidum
./bin/plant	--populate	--user	test	--pass	test	--db	cider	--fasta	Pseudocohnilembus_persalinus.ASM144751v1.pep.all.fa	--taxid	266149	--source	Ensembl,Protists	--type	DNA	--ver	ASM144751v1	--pub	NA	Pseudocohnilembus persalinus
./bin/plant	--populate	--user	test	--pass	test	--db	cider	--fasta	Pythium_aphanidermatum.pag1_scaffolds_v1.pep.all.fa	--taxid	1223555	--source	Ensembl,Protists	--type	DNA	--ver	pag1_scaffolds_v1	--pub	NA	Pythium aphanidermatum
./bin/plant	--populate	--user	test	--pass	test	--db	cider	--fasta	Pythium_arrhenomanes.par_scaffolds_v1.pep.all.fa	--taxid	1223556	--source	Ensembl,Protists	--type	DNA	--ver	par_scaffolds_v1	--pub	NA	Pythium arrhenomanes
./bin/plant	--populate	--user	test	--pass	test	--db	cider	--fasta	Pythium_irregulare.pir_scaffolds_v1.pep.all.fa	--taxid	1223557	--source	Ensembl,Protists	--type	DNA	--ver	pir_scaffolds_v1	--pub	NA	Pythium irregulare
./bin/plant	--populate	--user	test	--pass	test	--db	cider	--fasta	Pythium_iwayamai.piw_scaffolds_v1.pep.all.fa	--taxid	1223558	--source	Ensembl,Protists	--type	DNA	--ver	piw_scaffolds_v1	--pub	NA	Pythium iwayamai
./bin/plant	--populate	--user	test	--pass	test	--db	cider	--fasta	Pythium_ultimum.pug.pep.all.fa	--taxid	431595	--source	Ensembl,Protists	--type	DNA	--ver	pug	--pub	NA	Pythium ultimum
./bin/plant	--populate	--user	test	--pass	test	--db	cider	--fasta	Pythium_vexans.pve_scaffolds_v1.pep.all.fa	--taxid	1223560	--source	Ensembl,Protists	--type	DNA	--ver	pve_scaffolds_v1	--pub	NA	Pythium vexans
./bin/plant	--populate	--user	test	--pass	test	--db	cider	--fasta	Reticulomyxa_filosa.Reti_assembly1.0.pep.all.fa	--taxid	46433	--source	Ensembl,Protists	--type	DNA	--ver	Reti_assembly1.0	--pub	NA	Reticulomyxa filosa
./bin/plant	--populate	--user	test	--pass	test	--db	cider	--fasta	Salpingoeca_rosetta.Proterospongia_sp_ATCC50818.pep.all.fa	--taxid	946362	--source	Ensembl,Protists	--type	DNA	--ver	Proterospongia_sp_ATCC50818	--pub	NA	Salpingoeca rosetta str. ATCC 50818
./bin/plant	--populate	--user	test	--pass	test	--db	cider	--fasta	Saprolegnia_diclina_vs20.Sap_diclina_VS20_V1.pep.all.fa	--taxid	1156394	--source	Ensembl,Protists	--type	DNA	--ver	Sap_diclina_VS20_V1	--pub	NA	Saprolegnia diclina VS20
./bin/plant	--populate	--user	test	--pass	test	--db	cider	--fasta	Saprolegnia_parasitica_cbs_223_65.ASM15154v2.pep.all.fa	--taxid	695850	--source	Ensembl,Protists	--type	DNA	--ver	ASM15154v2	--pub	NA	Saprolegnia parasitica CBS 223.65
./bin/plant	--populate	--user	test	--pass	test	--db	cider	--fasta	Sphaeroforma_arctica_jp610.Spha_arctica_JP610_V1.pep.all.fa	--taxid	667725	--source	Ensembl,Protists	--type	DNA	--ver	Spha_arctica_JP610_V1	--pub	NA	Sphaeroforma arctica JP610
./bin/plant	--populate	--user	test	--pass	test	--db	cider	--fasta	Spironucleus_salmonicida.SSK3.0.pep.all.fa	--taxid	348837	--source	Ensembl,Protists	--type	DNA	--ver	SSK3.0	--pub	NA	Spironucleus salmonicida
./bin/plant	--populate	--user	test	--pass	test	--db	cider	--fasta	Stentor_coeruleus.ASM197095v1.pep.all.fa	--taxid	5963	--source	Ensembl,Protists	--type	DNA	--ver	ASM197095v1	--pub	NA	Stentor coeruleus
./bin/plant	--populate	--user	test	--pass	test	--db	cider	--fasta	Strigomonas_culicis_gca_000442495.Strigomonas_culicis_Genome.pep.all.fa	--taxid	28005	--source	Ensembl,Protists	--type	DNA	--ver	Strigomonas_culicis_Genome	--pub	NA	Strigomonas culicis
./bin/plant	--populate	--user	test	--pass	test	--db	cider	--fasta	Stylonychia_lemnae.Stylonychia_lemnae_asm_v1.0.pep.all.fa	--taxid	5949	--source	Ensembl,Protists	--type	DNA	--ver	Stylonychia_lemnae_asm_v1.0	--pub	NA	Stylonychia lemnae str. 130c
./bin/plant	--populate	--user	test	--pass	test	--db	cider	--fasta	Symbiodinium_microadriaticum_gca_001939145.ASM193914v1.pep.all.fa	--taxid	2951	--source	Ensembl,Protists	--type	DNA	--ver	ASM193914v1	--pub	NA	Symbiodinium microadriaticum str. CCMP2467
./bin/plant	--populate	--user	test	--pass	test	--db	cider	--fasta	Tetrahymena_thermophila.JCVI-TTA1-2.2.pep.all.fa	--taxid	312017	--source	Ensembl,Protists	--type	DNA	--ver	JCVI-TTA1-2.2	--pub	NA	Tetrahymena thermophila
./bin/plant	--populate	--user	test	--pass	test	--db	cider	--fasta	Thalassiosira_oceanica_ccmp1005.ASM19663v1.pep.all.fa	--taxid	637379	--source	Ensembl,Protists	--type	DNA	--ver	ASM19663v1	--pub	NA	Thalassiosira oceanica
./bin/plant	--populate	--user	test	--pass	test	--db	cider	--fasta	Thalassiosira_oceanica.ThaOc_1.0.pep.all.fa	--taxid	159749	--source	Ensembl,Protists	--type	DNA	--ver	ThaOc_1.0	--pub	NA	Thalassiosira oceanica str. CCMP1005
./bin/plant	--populate	--user	test	--pass	test	--db	cider	--fasta	Thalassiosira_pseudonana.ASM14940v2.pep.all.fa	--taxid	296543	--source	Ensembl,Protists	--type	DNA	--ver	ASM14940v2	--pub	NA	Thalassiosira pseudonana
./bin/plant	--populate	--user	test	--pass	test	--db	cider	--fasta	Thecamonas_trahens_atcc_50062.TheTra_May2010.pep.all.fa	--taxid	461836	--source	Ensembl,Protists	--type	DNA	--ver	TheTra_May2010	--pub	NA	Thecamonas trahens ATCC 50062
./bin/plant	--populate	--user	test	--pass	test	--db	cider	--fasta	Theileria_annulata.ASM322v1.pep.all.fa	--taxid	5874	--source	Ensembl,Protists	--type	DNA	--ver	ASM322v1	--pub	NA	Theileria annulata
./bin/plant	--populate	--user	test	--pass	test	--db	cider	--fasta	Theileria_equi_strain_wa.JCVI-bewag-v1.1.pep.all.fa	--taxid	1537102	--source	Ensembl,Protists	--type	DNA	--ver	JCVI-bewag-v1.1	--pub	NA	Theileria equi strain WA
./bin/plant	--populate	--user	test	--pass	test	--db	cider	--fasta	Theileria_orientalis_gca_003072525.ASM307252v1.pep.all.fa	--taxid	68886	--source	Ensembl,Protists	--type	DNA	--ver	ASM307252v1	--pub	NA	Theileria orientalis str. Robertson
./bin/plant	--populate	--user	test	--pass	test	--db	cider	--fasta	Theileria_orientalis_strain_shintoku.ASM74089v1.pep.all.fa	--taxid	869250	--source	Ensembl,Protists	--type	DNA	--ver	ASM74089v1	--pub	NA	Theileria orientalis strain Shintoku
./bin/plant	--populate	--user	test	--pass	test	--db	cider	--fasta	Theileria_parva.ASM16536v1.pep.all.fa	--taxid	5875	--source	Ensembl,Protists	--type	DNA	--ver	ASM16536v1	--pub	NA	Theileria parva str. Muguga
./bin/plant	--populate	--user	test	--pass	test	--db	cider	--fasta	Thraustotheca_clavata_gca_002081575.Thrcla_v1.pep.all.fa	--taxid	74557	--source	Ensembl,Protists	--type	DNA	--ver	Thrcla_v1	--pub	NA	Thraustotheca clavata str. ATCC 34112
./bin/plant	--populate	--user	test	--pass	test	--db	cider	--fasta	Tieghemostelium_lacteum_gca_001606155.ASM160615v1.pep.all.fa	--taxid	361077	--source	Ensembl,Protists	--type	DNA	--ver	ASM160615v1	--pub	NA	Tieghemostelium lacteum str. TK
./bin/plant	--populate	--user	test	--pass	test	--db	cider	--fasta	Toxoplasma_gondii_ari_gca_000250965.TGARI_v2.pep.all.fa	--taxid	1074872	--source	Ensembl,Protists	--type	DNA	--ver	TGARI_v2	--pub	NA	Toxoplasma gondii ARI
./bin/plant	--populate	--user	test	--pass	test	--db	cider	--fasta	Toxoplasma_gondii_gca_000256705.TGCAST_v2.pep.all.fa	--taxid	943122	--source	Ensembl,Protists	--type	DNA	--ver	TGCAST_v2	--pub	NA	Toxoplasma gondii CAST
./bin/plant	--populate	--user	test	--pass	test	--db	cider	--fasta	Toxoplasma_gondii_coug_gca_000338675.TGCOUG_v2.pep.all.fa	--taxid	1074873	--source	Ensembl,Protists	--type	DNA	--ver	TGCOUG_v2	--pub	NA	Toxoplasma gondii COUG
./bin/plant	--populate	--user	test	--pass	test	--db	cider	--fasta	Toxoplasma_gondii_fou.TGFOU1v02.pep.all.fa	--taxid	943167	--source	Ensembl,Protists	--type	DNA	--ver	TGFOU1v02	--pub	NA	Toxoplasma gondii FOU
./bin/plant	--populate	--user	test	--pass	test	--db	cider	--fasta	Toxoplasma_gondii_gab2_2007_gal_dom2.TGGABGALDOM2_v2.1.pep.all.fa	--taxid	1130820	--source	Ensembl,Protists	--type	DNA	--ver	TGGABGALDOM2_v2.1	--pub	NA	Toxoplasma gondii GAB2-2007-GAL-DOM2
./bin/plant	--populate	--user	test	--pass	test	--db	cider	--fasta	Toxoplasma_gondii_gt1.TGGT1.pep.all.fa	--taxid	507601	--source	Ensembl,Protists	--type	DNA	--ver	TGGT1	--pub	NA	Toxoplasma gondii GT1
./bin/plant	--populate	--user	test	--pass	test	--db	cider	--fasta	Toxoplasma_gondii_mas_gca_000224865.TGMAS1_v2.pep.all.fa	--taxid	943118	--source	Ensembl,Protists	--type	DNA	--ver	TGMAS1_v2	--pub	NA	Toxoplasma gondii MAS
./bin/plant	--populate	--user	test	--pass	test	--db	cider	--fasta	Toxoplasma_gondii.TGA4.pep.all.fa	--taxid	508771	--source	Ensembl,Protists	--type	DNA	--ver	TGA4	--pub	NA	Toxoplasma gondii ME49
./bin/plant	--populate	--user	test	--pass	test	--db	cider	--fasta	Toxoplasma_gondii_p89_gca_000224885.TGP89A_v02.pep.all.fa	--taxid	943119	--source	Ensembl,Protists	--type	DNA	--ver	TGP89A_v02	--pub	NA	Toxoplasma gondii p89
./bin/plant	--populate	--user	test	--pass	test	--db	cider	--fasta	Toxoplasma_gondii_rub_gca_000224805.TGRUB_v2.pep.all.fa	--taxid	935652	--source	Ensembl,Protists	--type	DNA	--ver	TGRUB_v2	--pub	NA	Toxoplasma gondii RUB
./bin/plant	--populate	--user	test	--pass	test	--db	cider	--fasta	Toxoplasma_gondii_p89.TGP89A_v02.pep.all.fa	--taxid	943120	--source	Ensembl,Protists	--type	DNA	--ver	TGCATBR9_v2	--pub	NA	Toxoplasma gondii TgCATBr9
./bin/plant	--populate	--user	test	--pass	test	--db	cider	--fasta	Toxoplasma_gondii_tgcatprc2_gca_000256725.TGCATPRC2_v2.pep.all.fa	--taxid	1130821	--source	Ensembl,Protists	--type	DNA	--ver	TGCATPRC2_v2	--pub	NA	Toxoplasma gondii TgCatPRC2
./bin/plant	--populate	--user	test	--pass	test	--db	cider	--fasta	Toxoplasma_gondii_vand_gca_000224845.TGVAND_v2.pep.all.fa	--taxid	933077	--source	Ensembl,Protists	--type	DNA	--ver	TGVAND_v2	--pub	NA	Toxoplasma gondii VAND
./bin/plant	--populate	--user	test	--pass	test	--db	cider	--fasta	Toxoplasma_gondii_veg.TGVEG.pep.all.fa	--taxid	432359	--source	Ensembl,Protists	--type	DNA	--ver	TGVEG	--pub	NA	Toxoplasma gondii VEG
./bin/plant	--populate	--user	test	--pass	test	--db	cider	--fasta	Trichomonas_vaginalis_g3.ASM282v1.pep.all.fa	--taxid	412133	--source	Ensembl,Protists	--type	DNA	--ver	ASM282v1	--pub	NA	Trichomonas vaginalis
./bin/plant	--populate	--user	test	--pass	test	--db	cider	--fasta	Tritrichomonas_foetus_gca_001839685.ASM183968v1.pep.all.fa	--taxid	1144522	--source	Ensembl,Protists	--type	DNA	--ver	ASM183968v1	--pub	NA	Tritrichomonas foetus str. K
./bin/plant	--populate	--user	test	--pass	test	--db	cider	--fasta	Trypanosoma_brucei.TryBru_Apr2005_chr11.pep.all.fa	--taxid	5691	--source	Ensembl,Protists	--type	DNA	--ver	TryBru_Apr2005_chr11	--pub	NA	Trypanosoma brucei
./bin/plant	--populate	--user	test	--pass	test	--db	cider	--fasta	Trypanosoma_brucei_equiperdum_gca_003543875.ASM354387v1.pep.all.fa	--taxid	630700	--source	Ensembl,Protists	--type	DNA	--ver	ASM354387v1	--pub	NA	Trypanosoma brucei equiperdum str. IVM-t1
./bin/plant	--populate	--user	test	--pass	test	--db	cider	--fasta	Trypanosoma_conorhini_gca_003719485.ASM371948v1.pep.all.fa	--taxid	83891	--source	Ensembl,Protists	--type	DNA	--ver	ASM371948v1	--pub	NA	Trypanosoma conorhini
./bin/plant	--populate	--user	test	--pass	test	--db	cider	--fasta	Trypanosoma_cruzi_dm28c.T.cruzi.Dm28c_v01.pep.all.fa	--taxid	1416333	--source	Ensembl,Protists	--type	DNA	--ver	T.cruzi.Dm28c_v01	--pub	NA	Trypanosoma cruzi Dm28c
./bin/plant	--populate	--user	test	--pass	test	--db	cider	--fasta	Trypanosoma_cruzi_marinkellei.ASM30049v1.pep.all.fa	--taxid	85056	--source	Ensembl,Protists	--type	DNA	--ver	ASM30049v1	--pub	NA	Trypanosoma cruzi marinkellei
./bin/plant	--populate	--user	test	--pass	test	--db	cider	--fasta	Trypanosoma_equiperdum_gca_001457755.Trypanosoma_equiperdum_OVI_V2.pep.all.fa	--taxid	5694	--source	Ensembl,Protists	--type	DNA	--ver	Trypanosoma_equiperdum_OVI_V2	--pub	NA	Trypanosoma equiperdum
./bin/plant	--populate	--user	test	--pass	test	--db	cider	--fasta	Trypanosoma_rangeli_sc58.T_rangeli_SC58v1.pep.all.fa	--taxid	5698	--source	Ensembl,Protists	--type	DNA	--ver	ASM371947v1	--pub	NA	Trypanosoma rangeli
./bin/plant	--populate	--user	test	--pass	test	--db	cider	--fasta	Trypanosoma_rangeli_sc58_gca_000492115.T_rangeli_SC58v1.pep.all.fa	--taxid	429131	--source	Ensembl,Protists	--type	DNA	--ver	T_rangeli_SC58v1	--pub	NA	Trypanosoma rangeli SC58
./bin/plant	--populate	--user	test	--pass	test	--db	cider	--fasta	Trypanosoma_theileri_gca_002087225.Tth_v3.pep.all.fa	--taxid	67003	--source	Ensembl,Protists	--type	DNA	--ver	Tth_v3	--pub	NA	Trypanosoma theileri
./bin/plant	--populate	--user	test	--pass	test	--db	cider	--fasta	Vitrella_brassicaformis_ccmp3155.Vbrassicaformis.pep.all.fa	--taxid	1169540	--source	Ensembl,Protists	--type	DNA	--ver	Vbrassicaformis	--pub	NA	Vitrella brassicaformis
																				
./bin/plant	--populate	--user	test	--pass	test	--db	cider	--fasta	AmoebaDB-44_EmoshkovskiiLaredo_AnnotatedProteins.fasta	--taxid	41668	--source	EuPathDB,AmoebaDB	--type	DNA	--ver	2012-10-15	--pub	NA	Entamoeba moshkovskii
./bin/plant	--populate	--user	test	--pass	test	--db	cider	--fasta	AmoebaDB-44_NfowleriATCC30863_AnnotatedProteins.fasta	--taxid	5763	--source	EuPathDB,AmoebaDB	--type	DNA	--ver	2014-11-05	--pub	NA	Naegleria fowleri
./bin/plant	--populate	--user	test	--pass	test	--db	cider	--fasta	CryptoDB-44_CveliaCCMP2878_AnnotatedProteins.fasta	--taxid	1169474	--source	EuPathDB,CryptoDB	--type	DNA	--ver	2014-05-15	--pub	NA	Chromera velia
./bin/plant	--populate	--user	test	--pass	test	--db	cider	--fasta	CryptoDB-44_Chominis30976_AnnotatedProteins.fasta	--taxid	237895	--source	EuPathDB,CryptoDB	--type	DNA	--ver	2017-11-16	--pub	NA	Cryptosporidium hominis
./bin/plant	--populate	--user	test	--pass	test	--db	cider	--fasta	CryptoDB-44_ChominisTU502_AnnotatedProteins.fasta	--taxid	353151	--source	EuPathDB,CryptoDB	--type	DNA	--ver	2004-10-17	--pub	NA	Cryptosporidium hominis
./bin/plant	--populate	--user	test	--pass	test	--db	cider	--fasta	CryptoDB-44_CtyzzeriUGA55_AnnotatedProteins.fasta	--taxid	756076	--source	EuPathDB,CryptoDB	--type	DNA	--ver	2017-11-16	--pub	NA	Cryptosporidium tyzzeri
./bin/plant	--populate	--user	test	--pass	test	--db	cider	--fasta	CryptoDB-44_Cubiquitum39726_AnnotatedProteins.fasta	--taxid	857276	--source	EuPathDB,CryptoDB	--type	DNA	--ver	2016-11-03	--pub	NA	Cryptosporidium ubiquitum
./bin/plant	--populate	--user	test	--pass	test	--db	cider	--fasta	GiardiaDB-44_SsalmonicidaATCC50377_AnnotatedProteins.fasta	--taxid	348837	--source	EuPathDB,GiardiaDB	--type	DNA	--ver	2015-03-23	--pub	NA	Spironucleus salmonicida
./bin/plant	--populate	--user	test	--pass	test	--db	cider	--fasta	PlasmoDB-44_PcynomolgiM_AnnotatedProteins.fasta	--taxid	1274352	--source	EuPathDB,PlasmoDB	--type	DNA	--ver	2017-10-23	--pub	NA	Plasmodium cynomolgi 
./bin/plant	--populate	--user	test	--pass	test	--db	cider	--fasta	ToxoDB-44_NcaninumLIV_AnnotatedProteins.fasta	--taxid	572307	--source	EuPathDB,ToxoDB	--type	DNA	--ver	2015-02-27	--pub	NA	Neospora caninum 
./bin/plant	--populate	--user	test	--pass	test	--db	cider	--fasta	ToxoDB-44_TgondiiRH_AnnotatedProteins.fasta	--taxid	383379	--source	EuPathDB,ToxoDB	--type	DNA	--ver	2006-09-25	--pub	NA	Toxoplasma gondii RH
./bin/plant	--populate	--user	test	--pass	test	--db	cider	--fasta	TriTrypDB-44_LaethiopicaL147_AnnotatedProteins.fasta	--taxid	1206056	--source	EuPathDB,TriTrypDB	--type	DNA	--ver	2014-12-16	--pub	NA	Leishmania aethiopica 
./bin/plant	--populate	--user	test	--pass	test	--db	cider	--fasta	TriTrypDB-44_LtropicaL590_AnnotatedProteins.fasta	--taxid	1206058	--source	EuPathDB,TriTrypDB	--type	DNA	--ver	2014-12-16	--pub	NA	Leishmania tropica 
./bin/plant	--populate	--user	test	--pass	test	--db	cider	--fasta	TriTrypDB-44_TcongolenseIL3000_AnnotatedProteins.fasta	--taxid	1068625	--source	EuPathDB,TriTrypDB	--type	DNA	--ver	2016-06-06	--pub	NA	Trypanosoma congolense 
./bin/plant	--populate	--user	test	--pass	test	--db	cider	--fasta	TriTrypDB-44_TvivaxY486_AnnotatedProteins.fasta	--taxid	1055687	--source	EuPathDB,TriTrypDB	--type	DNA	--ver	2016-06-06	--pub	NA	Trypanosoma vivax 
																				
./bin/plant	--populate	--user	test	--pass	test	--db	cider	--fasta	Aplke1_all_proteins_20121220.aa.fasta	--taxid	702273	--source	JGI,Other	--type	DNA	--ver	V1.0	--pub	NA	Aplanochytrium kerguelense
./bin/plant	--populate	--user	test	--pass	test	--db	cider	--fasta	Aurli1_all_proteins_20120618.aa.fasta	--taxid	717989	--source	JGI,Other	--type	DNA	--ver	V1.0	--pub	NA	Aurantiochytrium limacinum
./bin/plant	--populate	--user	test	--pass	test	--db	cider	--fasta	proteins.Auran1_FilteredModels3.fasta	--taxid	44056	--source	JGI,Other	--type	DNA	--ver	V1.0	--pub	NA	Aureococcus anophagefferens
./bin/plant	--populate	--user	test	--pass	test	--db	cider	--fasta	Crypto2293_1_all_proteins_20160903.aa.fasta	--taxid	3027	--source	JGI,Other	--type	DNA	--ver	V1.0	--pub	NA	Cryptophyceae sp.
./bin/plant	--populate	--user	test	--pass	test	--db	cider	--fasta	Ochro2298_1_all_proteins_20160817.aa.fasta	--taxid	88165	--source	JGI,Other	--type	DNA	--ver	V1.0	--pub	NA	Ochromonadaceae sp.
./bin/plant	--populate	--user	test	--pass	test	--db	cider	--fasta	Pavlov2436_1_all_proteins_20160817.aa.fasta	--taxid	73026	--source	JGI,Other	--type	DNA	--ver	V1.0	--pub	NA	Pavlovales sp.
./bin/plant	--populate	--user	test	--pass	test	--db	cider	--fasta	Pelago2097_1_all_proteins_20160408.aa.fasta	--taxid	35675	--source	JGI,Other	--type	DNA	--ver	V1.0	--pub	NA	Pelagophyceae sp.
./bin/plant	--populate	--user	test	--pass	test	--db	cider	--fasta	Phyca11_unfiltered_proteins.fasta	--taxid	763924	--source	JGI,Other	--type	DNA	--ver	v11	--pub	NA	Phytophthora capsici
./bin/plant	--populate	--user	test	--pass	test	--db	cider	--fasta	Phyci1_all_proteins_20120612.aa.fasta	--taxid	622258	--source	JGI,Other	--type	DNA	--ver	V1.0	--pub	NA	Phytophthora cinnamomi
./bin/plant	--populate	--user	test	--pass	test	--db	cider	--fasta	Psemu1_all_proteins_20111011.aa.fasta	--taxid	635002	--source	JGI,Other	--type	DNA	--ver	V1.0	--pub	NA	Pseudo-nitzschia multiseries
./bin/plant	--populate	--user	test	--pass	test	--db	cider	--fasta	Schag1_all_proteins_20121220.aa.fasta	--taxid	876976	--source	JGI,Other	--type	DNA	--ver	V1.0	--pub	NA	Schizochytrium aggregatum
																				
./bin/plant	--populate	--user	test	--pass	test	--db	cider	--fasta	GCA_002081595.1_ACH_lane_v1_protein.faa	--taxid	1202772	--source	NCBI,GenBank	--type	DNA	--ver	V1.0	--pub	NA	Achlya hypogyna 
./bin/plant	--populate	--user	test	--pass	test	--db	cider	--fasta	GCF_000787575.1_Asub_2.0_protein.faa	--taxid	361139	--source	NCBI,RefSeq	--type	DNA	--ver	V2.0	--pub	NA	Acytostelium subglobosum 
./bin/plant	--populate	--user	test	--pass	test	--db	cider	--fasta	symbB.v1.2.augustus.prot.fa	--taxid	1202447	--source	Other,OIST	--type	DNA	--ver	1.2	--pub	NA	Symbiodinium minutum
./bin/plant	--populate	--user	test	--pass	test	--db	cider	--fasta	syma_aug_37.aa	--taxid	154557	--source	Other,OIST	--type	DNA	--ver	1	--pub	NA	Symbiodinium sp. A3
./bin/plant	--populate	--user	test	--pass	test	--db	cider	--fasta	symC_aug_40	--taxid	293275	--source	Other,OIST	--type	DNA	--ver	1	--pub	NA	Symbiodinium sp. C
./bin/plant	--populate	--user	test	--pass	test	--db	cider	--fasta	ito_mozuku_onna1_protein_seq	--taxid	2185085	--source	Other,OIST	--type	DNA	--ver	1	--pub	NA	Nemacystus decipiens
./bin/plant	--populate	--user	test	--pass	test	--db	cider	--fasta	160208_2k_oki_prot.fa	--taxid	309737	--source	Other,OIST	--type	DNA	--ver		--pub	NA	Cladosiphon okamuranus
./bin/plant	--populate	--user	test	--pass	test	--db	cider	--fasta	run_2.all.maker.proteins.renamed.fasta	--taxid	4808	--source	Other,richardslab	--type	DNA	--ver	1	--pub	NA	Blastocladiella emersonii 
./bin/plant	--populate	--user	test	--pass	test	--db	cider	--fasta	hyphochytrium_catenoides_predicted_proteins_renamed.fasta	--taxid	42384	--source	Other,richardslab	--type	DNA	--ver	1	--pub	NA	Hyphochytrium catenoides 
./bin/plant	--populate	--user	test	--pass	test	--db	cider	--fasta	T_borealis_oct2012_proteins.fasta	--taxid	5893	--source	Other,cilliate.org	--type	DNA	--ver	2012	--pub	NA	Tetrahymena borealis
./bin/plant	--populate	--user	test	--pass	test	--db	cider	--fasta	T_elliotti_oct2012_proteins.fasta	--taxid	5897	--source	Other,cilliate.org	--type	DNA	--ver	2012	--pub	NA	Tetrahymena elliotti
./bin/plant	--populate	--user	test	--pass	test	--db	cider	--fasta	T_malaccensis_oct2012_proteins.fasta	--taxid	5901	--source	Other,cilliate.org	--type	DNA	--ver	2012	--pub	NA	Tetrahymena malaccensis
