Aaosphaeria arxii CBS 175.79,Aaosphaeria arxii CBS 175.79,TRUE,,Ajellomyces capsulatus NAm1
,Abortiporus biennis CCBS 521,FALSE,,
,Abortiporus biennis CIRM_BRFM1778,FALSE,,
,Absidia padenii NRRL 2977,FALSE,,
Absidia repens NRRL 1336,Absidia repens NRRL 1336,TRUE,,
Acaromyces ingoldii MCA 4198,Acaromyces ingoldii MCA 4198,TRUE,,
Acephala macrosclerotiorum EW76 UTF0540,Acephala macrosclerotiorum EW76 UTF0540,TRUE,,
,Achaetomium strumarium CBS333.67,FALSE,,
Acidomyces richmondensis BFW,Acidomyces richmondensis BFW,TRUE,,
Acidothrix acidophila CBS 136259,Acidothrix acidophila CBS 136259,TRUE,,
Acremonium alcalophilum,Acremonium alcalophilum,TRUE,,
,Acremonium chrysogenum ATCC 11550,FALSE,,
Acremonium strictum DS1bioAY4a,Acremonium strictum DS1bioAY4a,TRUE,,
Agaricostilbum hyphaenes,Agaricostilbum hyphaenes  ATCC MYA_4628,FALSE,,
Agaricus bisporus var. bisporus H97,Agaricus bisporus var bisporus (H97),FALSE,,
Agaricus bisporus var. burnettii JB137-S8,Agaricus bisporus var. burnettii JB137_S8,FALSE,,
Agrocybe pediades AH 40210,Agrocybe pediades AH 40210,TRUE,,
,Aliquandostipite khaoyaiensis CBS 118232,FALSE,,
,Allomyces macrogynus ATCC 38327,FALSE,,
,Alternaria alternata 133aPRJ,FALSE,,
Alternaria alternata SRC1lrK2f,Alternaria alternata SRC1lrK2f,TRUE,,
Alternaria brassicicola,Alternaria brassicicola,TRUE,,
Amanita muscaria Koide BX008,Amanita muscaria Koide,FALSE,,
Amanita thiersii Skay4041,Amanita thiersii Skay4041,TRUE,,
Amniculicola lignicola CBS 123094,Amniculicola lignicola CBS 123094,TRUE,,
Amorphotheca resinae,Amorphotheca resinae,TRUE,,
Ampelomyces quisqualis HMLAC05119,Ampelomyces quisqualis HMLAC05119,TRUE,,
,Amylocystis lapponica SKaAmylap13,FALSE,,
,Amylostereum chailletii DWAch2,FALSE,,
Anaeromyces robustus,Anaeromyces robustus,TRUE,,
Anomoporia bombycina ATCC 64506,Anomoporia bombycina ATCC 64506,TRUE,,
Anthostoma avocetta NRRL 3190,Anthostoma avocetta NRRL 3190,TRUE,,
Antonospora locustae HM-2013,Antonospora locustae HM_2013,FALSE,,
,Antrodia serialis Sig1Antser10,FALSE,,
Antrodia sinuosa LB1,Antrodia sinuosa LB1,TRUE,,
,Apiosordaria backusii CBS 540.89,FALSE,,
Apiospora montagnei NRRL 25634,Apiospora montagnei NRRL 25634,TRUE,,
Aplosporella prunicola CBS 121167,Aplosporella prunicola CBS 121167,TRUE,,
,Apodospora peruviana CBS 118394,FALSE,,
Aporpium caryae L_13461,Aporpium caryae L_13461,TRUE,,
,Armillaria cepistipes B5,FALSE,,
Armillaria gallica 21_2,Armillaria gallica 21_2,TRUE,,
Armillaria mellea DSM 3731,Armillaria mellea DSM 3731,TRUE,,
,Armillaria ostoyae C18/9,FALSE,,
Armillaria ostoyae 28_4,Armillaria ostoyae 28_4,TRUE,,
Arthroascus fermentans 17710,Arthroascus fermentans 17710,TRUE,,
Arthrobotrys oligospora ATCC 24927,Arthrobotrys oligospora ATCC 24927,TRUE,,
Arthroderma benhamiae CBS 112371,Arthroderma benhamiae CBS 112371,TRUE,,
Artolenzites elegans CIRM_BRFM 1122,Artolenzites elegans CIRM_BRFM 1122,TRUE,,
Artolenzites elegans CIRM_BRFM 1663,Artolenzites elegans CIRM_BRFM 1663,TRUE,,Artomyces pyxidatus
Ascobolus immersus RN42,Ascobolus immersus RN42,TRUE,,Arxula adeninivorans
,Ascochyta rabiei ArDII,FALSE,,Ashbya gossypii ATCC 10895
Ascocoryne sarcoides NRRL50072,Ascocoryne sarcoides NRRL50072,TRUE,,Aspergillus acidus
Ascodesmis nigricans CBS 389.68,Ascodesmis nigricans CBS 389.68,TRUE,,
Ascoidea rubescens NRRL Y17699,Ascoidea rubescens NRRL Y17699,TRUE,,
,Aspergillus acristatulus CBS 119.55,FALSE,,
Aspergillus aculeatinus CBS 121060,Aspergillus aculeatinus CBS 121060,TRUE,,
Aspergillus aculeatus ATCC 16872,Aspergillus aculeatus ATCC 16872,TRUE,,
,Aspergillus amylovorus CBS 600.67,FALSE,,
,Aspergillus bisporus CBS 707.71,FALSE,,
,Aspergillus bombycis NRRL 26010,FALSE,,
Aspergillus brasiliensis,Aspergillus brasiliensis,TRUE,,
,Aspergillus brevijanus CBS 111.46,FALSE,,
Aspergillus brunneoviolaceus CBS 621.78,Aspergillus brunneoviolaceus CBS 621.78,TRUE,,
,Aspergillus calidoustus,FALSE,,
Aspergillus campestris IBT 28561,Aspergillus campestris IBT 28561,TRUE,,
,Aspergillus candidus CBS 102.13,FALSE,,
Aspergillus carbonarius ITEM 5010,Aspergillus carbonarius ITEM 5010,TRUE,,
,Aspergillus chevalieri CBS 522.65,FALSE,,
Aspergillus clavatus NRRL 1,Aspergillus clavatus NRRL 1,TRUE,,
Aspergillus costaricaensis CBS 115574,Aspergillus costaricaensis CBS 115574,TRUE,,
,Aspergillus cristatus GZAAS20.1005,FALSE,,
,Aspergillus desertorum CBS 653.73,FALSE,,
Aspergillus ellipticus CBS 707.79,Aspergillus ellipticus CBS 707.79,TRUE,,
Aspergillus eucalypticola CBS 122712,Aspergillus eucalypticola CBS 122712,TRUE,,
Aspergillus fijiensis CBS 313.89,Aspergillus fijiensis CBS 313.89,TRUE,,
,Aspergillus filifera CBS 114510,FALSE,,
Aspergillus flavus NRRL3357,Aspergillus flavus NRRL3357,TRUE,,
,Aspergillus fumigatus A1163,FALSE,,
Aspergillus fumigatus Af293,Aspergillus fumigatus Af293,TRUE,,
,Aspergillus funiculosus CBS 116.56,FALSE,,
Aspergillus glaucus,Aspergillus glaucus,TRUE,,
Aspergillus heteromorphus CBS 117.55,Aspergillus heteromorphus CBS 117.55,TRUE,,
Aspergillus homomorphus CBS 101889,Aspergillus homomorphus CBS 101889,TRUE,,
Aspergillus ibericus CBS 121593,Aspergillus ibericus CBS 121593,TRUE,,
,Aspergillus indicus,FALSE,,
Aspergillus indologenus CBS 114.8,Aspergillus indologenus CBS 114.80,FALSE,,
,Aspergillus insolitus CBS 384.61,FALSE,,
Aspergillus japonicus CBS 114.51,Aspergillus japonicus CBS 114.51,TRUE,,
Aspergillus kawachii IFO 4308,Aspergillus kawachii IFO 4308,TRUE,,
Aspergillus lacticoffeatus CBS 101883,Aspergillus lacticoffeatus CBS 101883,TRUE,,
,Aspergillus luchuensis CBS 106.47,FALSE,,
,Aspergillus multicolor,FALSE,,
,Aspergillus neoauricomus CBS112787,FALSE,,
,Aspergillus neoechinulatus CBS120.55,FALSE,,
Aspergillus neoniger CBS 115656,Aspergillus neoniger CBS 115656,TRUE,,
Aspergillus nidulans,Aspergillus nidulans,TRUE,,
Aspergillus niger ATCC 1015,Aspergillus niger ATCC 1015,TRUE,,
Aspergillus niger CBS 513.88,Aspergillus niger CBS 513.88,TRUE,,
,Aspergillus niger NRRL3,FALSE,,
Aspergillus niger van Tieghem ATCC 13496,Aspergillus niger van Tieghem ATCC 13496,TRUE,,
,Aspergillus nomius NRRL 13137,FALSE,,
Aspergillus novofumigatus,Aspergillus novofumigatus,TRUE,,
Aspergillus ochraceoroseus IBT 24754,Aspergillus ochraceoroseus IBT 24754,TRUE,,
,Aspergillus ochraceoroseus SRRC1432,FALSE,,
,Aspergillus olivicola,FALSE,,
Aspergillus oryzae RIB40,Aspergillus oryzae RIB40,TRUE,,
,Aspergillus parvulus CBS 136.61,FALSE,,
,Aspergillus penicilloides CBS 540.65,FALSE,,
Aspergillus phoenicis CordaThom ATCC 13157,Aspergillus phoenicis CordaThom ATCC 13157,TRUE,,
Aspergillus piperis CBS 112811,Aspergillus piperis CBS 112811,TRUE,,
,Aspergillus rambellii SRRC1468,FALSE,,
,Aspergillus recurvatus,FALSE,,
,Aspergillus restrictus CBS 118.33,FALSE,,
,Aspergillus robustus CBS 428.77,FALSE,,
,Aspergillus roseoglobulosus CBS112800,FALSE,,
Aspergillus saccharolyticus JOP 1030-1,Aspergillus saccharolyticus JOP 1030_1,FALSE,,
Aspergillus sclerotiicarbonarius CBS 121057,Aspergillus sclerotiicarbonarius CBS 121057,TRUE,,
Aspergillus sclerotioniger CBS115572,Aspergillus sclerotioniger CBS115572,TRUE,,
,Aspergillus sclerotiorum CBS 549.65,FALSE,,
,Aspergillus stella_maris CBS 113639,FALSE,,
,Aspergillus stercoraria CBS 428.93,FALSE,,
Aspergillus steynii IBT 23096,Aspergillus steynii IBT 23096,TRUE,,
Aspergillus sydowii,Aspergillus sydowii,TRUE,,
,Aspergillus taichungensis IBT 19404,FALSE,,
Aspergillus terreus FGSC A1156,,FALSE,,
Aspergillus terreus NIH2624,Aspergillus terreus NIH2624,TRUE,,
,Aspergillus triticus CBS266.81,FALSE,,
Aspergillus tubingensis,Aspergillus tubingensis,TRUE,,
,Aspergillus udagawae IFM 46973,FALSE,,
,Aspergillus undulatus CBS 261.88,FALSE,,
,Aspergillus unguis CBS132.55,FALSE,,
Aspergillus uvarum CBS 121591,Aspergillus uvarum CBS 121591,TRUE,,
Aspergillus vadensis CBS 113365,Aspergillus vadensis CBS 113365,TRUE,,
,Aspergillus venezuelensis CBS 868.97,FALSE,,
Aspergillus versicolor,Aspergillus versicolor,TRUE,,
Aspergillus violaceofuscus CBS 115571,Aspergillus violaceofuscus CBS 115571,TRUE,,
,Aspergillus welwitschiae CBS139.54b,FALSE,,
Aspergillus wentii,Aspergillus wentii,TRUE,,
Aspergillus zonatus,Aspergillus zonatus,TRUE,,
Atractiellales rhizophila,Atractiellales rhizophila,TRUE,,
Aulographum hederae,Aulographum hederae,TRUE,,
Aureobasidium pullulans var. melanogenum,Aureobasidium pullulans var. melanogenum,TRUE,,
Aureobasidium pullulans var. namibiae,Aureobasidium pullulans var. namibiae,TRUE,,
Aureobasidium pullulans var. pullulans EXF-150,Aureobasidium pullulans var. pullulans EXF-150,TRUE,,
Aureobasidium pullulans var. subglaciale EXF-2481,Aureobasidium pullulans var. subglaciale EXF-2481,TRUE,,
Auricularia subglabra,Auricularia subglabra,TRUE,,
Auriculariopsis ampla NL-1724,Auriculariopsis ampla NL-1724,TRUE,,
Auriscalpium vulgare FP105234_Sp,Auriscalpium vulgare FP105234_Sp,TRUE,,
Babjeviella inositovora NRRL Y-12698,Babjeviella inositovora NRRL Y-12698,TRUE,,
Backusella circina FSU 941,Backusella circina FSU 941,TRUE,,
Basidioascus undulatus,Basidioascus undulatus,TRUE,,
Basidiobolus meristosporus CBS 931.73,Basidiobolus meristosporus CBS 931.73,TRUE,,
Batrachochytrium dendrobatidis JAM81,Batrachochytrium dendrobatidis JAM81,TRUE,,
Baudoinia compniacensis UAMH 10762,Baudoinia compniacensis UAMH 10762,TRUE,,
Beauveria bassiana ARSEF 2860,Beauveria bassiana ARSEF 2860,TRUE,,
Bimuria novae_zelandiae CBS 107.79,Bimuria novae_zelandiae CBS 107.79,TRUE,,
Biscogniauxia nummularia,Biscogniauxia nummularia,TRUE,,
Bjerkandera adusta,Bisporella sp. PMI_857,FALSE,,
Blakeslea trispora NRRL 2456,Bjerkandera adusta,FALSE,,
Blastocladiella britannica,Blakeslea trispora NRRL 2456,FALSE,,
Bolbitius vitellinus SZMC_NL_1974,Blastobotrys (Arxula) adeninivorans,FALSE,,
Boletus edulis,Blastocladiella britannica,FALSE,,
Botryobasidium botryosum,Blastomyces dermatitidis SLH14081,FALSE,,
Botryosphaeria dothidea,Blumeria graminis f. sp. tritici 96224,FALSE,,
Botryotinia fuckeliana,Blumeria graminis f.sp. hordei DH14,,,
Bulgaria inquinans CBS118.31,Blyttiomyces helicus single_cell,,,
Byssothecium circinans CBS 675.92,Bolbitius vitellinus SZMC_NL_1974,,,
Cadophora sp. DSE1049,Boletus edulis,,,
Caliciopsis orientalis,Bombardia bombarda SMH3391_2,,,
Calocera cornea,Botryobasidium botryosum,,,
Calocera viscosa,Botryosphaeria dothidea,,,
Caloscypha fulgens ATCC 42695,Botrytis cinerea,,,
Calosphaeria pulchella,Bulgaria inquinans CBS118.31,,,
Candida arabinofermentans NRRL YB-2248,Byssochlamys spectabilis No. 5,,,
Candida caseinolytica NRRL Y-17796,Byssothecium circinans CBS 675.92,,,
Candida tanzawaensis NRRL Y-17324,Cadophora sp. DSE1049,,,
Candida tenuis NRRL Y-1498,Caliciopsis orientalis,,,
Cantharellus anzutake C23,Calocera cornea,,,
Capronia coronata CBS 617.96,Calocera viscosa,,,
Capronia epimyces CBS 606.96,Caloscypha fulgens ATCC 42695,,,
Capronia semiimmersa CBS27337,Calosphaeria pulchella,,,
Catenaria anguillulae PL171,Candida albicans SC5314,,,
Cenococcum geophilum 1.58,Candida arabinofermentans NRRL YB_2248,,,
Cephaloascus albidus ATCC 66658,Candida tanzawaensis NRRL Y_17324 ,,,
Cephaloascus fragrans 12_1022,Candida tenuis NRRL Y_1498,,,
Ceraceosorus sp. MCA 4658,Cantharellus anzutake C23,,,
Ceratobasidium sp. anastomosis group I AG_I,Capronia coronata CBS 617.96,,,
Cercospora zeae-maydis,Capronia epimyces CBS 606.96,,,
Cerinomyces ceraceus ATCC 56525,Capronia semiimmersa CBS27337,,,
Ceriporiopsis subvermispora B,Catenaria anguillulae PL171,,,
Cerrena unicolor,Caulochytrium protostelioides ATCC 52028 single_cell,,,
Chaetomium globosum,Caulochytrium protostelioides ATCC 52028,,,
Chaetosphaeria innumera,Cenococcum geophilum 1.58,,,
Chalara longipes BDJ,Cephaloascus albidus ATCC 66658,,,
Chionosphaera apobasidialis 52639,Cephaloascus fragrans 12_1022,,,
Chionosphaera cuniculicola CBS10063,Ceraceosorus guamensis MCA 4658,,,
Chlamydoabsidia padenii,"Ceratobasidium sp. (anastomosis group I, AG_I)",,,
Choiromyces venosus 120613-1,Cercophora caudata CBS 606.72,,,
Chytriomyces sp. MP 71,Cercophora newfieldiana SMH2532_1,,,
Cladonia grayi,Cercophora scortea SMH4131_1,,,
Cladophialophora bantiana CBS 173.52,Cercospora zeae_maydis,,,
Cladophialophora carrionii CBS 160.54,Cerinomyces ceraceus ATCC 56525,,,
Cladophialophora immunda CBS83496,Ceriporiopsis (Gelatoporia) subvermispora B,,,
Cladophialophora psammophila CBS 110553,Cerrena unicolor,,,
Cladophialophora yegresii CBS 114405,Chaetomium globosum,,,
Cladosporium fulvum,Chaetosphaeria innumera,,,
Clathrospora elynae CBS 161.51,Chalara longipes BDJ,,,
Clavulina sp. PMI 390,Chionosphaera apobasidialis 52639,,,
Climacocystis borealis CliBor001,Chionosphaera cuniculicola CBS10063 ,,,
Clitocybe gibba IJFM A808,Choiromyces venosus 120613_1,,,
Clohesyomyces aquaticus,Chytridium lagenaria Arg66,,,
Clonostachys rosea CBS125111,Chytriomyces sp. MP 71,,,
Coccidioides posadasii C735 delta SOWgp,Circinella umbellata NRRL1351,,,
Coccodinium bartschii CBS 121709,Cladonia grayi Cgr/DA2myc/ss,,,
Coccomyces strobi CBS 202.91,Cladophialophora bantiana CBS 173.52,,,
Cochliobolus carbonum 26-R-13,Cladophialophora carrionii CBS 160.54,,,
Cochliobolus heterostrophus C4,Cladophialophora immunda CBS83496,,,
Cochliobolus heterostrophus C5,Cladophialophora psammophila CBS 110553,,,
Cochliobolus lunatus m118,Cladophialophora yegresii CBS 114405,,,
Cochliobolus miyabeanus ATCC 44560,Cladorrhinum bulbillosum DJ3,,,
Cochliobolus sativus ND90Pr,Cladosporium fulvum,,,
Cochliobolus victoriae FI3,Cladosporium sphaerospermum UM 843,,,
Coemansia reversa NRRL 1564,Clathrospora elynae CBS 161.51,,,
Colletotrichum caudatum CBS131602,Clavicorona pyxidata HHB10654,,,
Colletotrichum cereale CBS 129662,Clavispora lusitaniae ATCC 42720,,,
Colletotrichum eremochloae CBS129661,Clavulina sp. PMI_390,,,
Colletotrichum falcatum MAFF306170,Climacocystis borealis CliBor001,,,
Colletotrichum fioriniae PJ7,Clitocybe gibba IJFM A808,,,
Colletotrichum godetiae CBS 193.32,Clohesyomyces aquaticus,,,
Colletotrichum higginsianum IMI 349063,Clonostachys rosea CBS125111,,,
Colletotrichum lupini CBS 109225,Coccidioides immitis RS ,,,
Colletotrichum nymphaeae SA_01,Coccodinium bartschii CBS 121709,,,
Colletotrichum orchidophilum IMI 309357,Coccomyces strobi CBS 202.91,,,
Colletotrichum phormii CBS102054,Cochliobolus carbonum 26_R_13,,,
Colletotrichum salicis CBS607.94,Cochliobolus heterostrophus C4,,,
Colletotrichum simmondsii CBS122122,Cochliobolus heterostrophus C5,,,
Colletotrichum somersetensis CBS 131599,Cochliobolus lunatus m118,,,
Colletotrichum sublineola CBS 131301,Cochliobolus miyabeanus ATCC 44560,,,
Colletotrichum zoysiae MAFF235873,Cochliobolus sativus ND90Pr,,,
Conidiobolus coronatus NRRL 28638,Cochliobolus victoriae FI3,,,
Conidiobolus thromboides FSU 785,Coemansia reversa NRRL 1564,,,
Coniella sp,Coemansia spiralis RSA 1278,,,
Coniochaeta ligniaria,Cokeromyces recurvatus NRRL 2243,,,
Coniochaeta ligniaria NRRL 30616,Colletotrichum acutatum CBS 112980,,,
Coniochaeta sp. PMI 546,Colletotrichum caudatum CBS131602,,,
Coniophora olivacea MUCL 20566,Colletotrichum cereale CBS 129662,,,
Coniophora puteana,Colletotrichum eremochloae CBS129661,,,
Coniosporium apollinis CBS 100218,Colletotrichum falcatum MAFF306170,,,
Coprinellus micaceus FP101781,Colletotrichum fioriniae PJ7,,,
Coprinellus pellucidus,Colletotrichum godetiae CBS 193.32,,,
Coprinopsis cinerea,Colletotrichum graminicola M1.001,,,
Coprinopsis cinerea AmutBmut pab1-1,Colletotrichum higginsianum IMI 349063,,,
Coprinopsis marcescibilis CBS121175,Colletotrichum lupini CBS 109225,,,
Coprinopsis sclerotiger,Colletotrichum navitas CBS125086,,,
Cordyceps militaris CM01,Colletotrichum nymphaeae SA_01,,,
Corollospora maritima CBS 119819,Colletotrichum orchidophilum IMI 309357,,,
Cortinarius glaucopus AT 2004 276,Colletotrichum phormii CBS102054,,,
Corynespora cassiicola Philippines,Colletotrichum salicis CBS607.94,,,
Crepidotus variabilis CBS 506.95,Colletotrichum simmondsii CBS122122,,,
Cronartium quercuum f. sp. fusiforme G11,Colletotrichum somersetensis CBS 131599,,,
Crucibulum laeve CBS 166.37,Colletotrichum sublineola CBS 131301,,,
Cryphonectria parasitica EP155,Colletotrichum tofieldiae 0861,,,
Cryptococcus curvatus ATCC 20509,Colletotrichum zoysiae MAFF235873,,,
Cryptococcus neoformans var. neoformans JEC21,Conidiobolus coronatus NRRL28638,,,
Cryptococcus terricola JCM 24523,Conidiobolus thromboides FSU 785,,,
Cryptococcus vishniacii,Coniella lustricola B22_T_1,,,
Cryptococcus wieringae,Coniochaeta ligniaria CBS 111746,,,
Cryptodiaporthe populea CFL2025,Coniochaeta ligniaria NRRL 30616,,,
Cucurbitaria berberidis CBS 394.84,Coniochaeta sp. PMI_546,,,
Cyathus striatus AH 40144,Coniophora olivacea MUCL 20566,,,
Cyberlindnera jadinii NRRL Y-1542,Coniophora puteana,,,
Cylindrobasidium torrendii,Coniosporium apollinis CBS 100218,,,
Cyphellophora europaea CBS 101466,Coprinellus micaceus FP101781,,,
Cystostereum murrayi CysMur001,Coprinellus pellucidus,,,
Dacryopinax sp. DJM-731 SS1,Coprinopsis cinerea,,,
Daedalea quercina,Coprinopsis cinerea AmutBmut pab1_1,,,
Daldinia eschscholzii,Coprinopsis marcescibilis CBS121175,,,
Debaryomyces hansenii,Coprinopsis sclerotiger,,,
Decorospora gaudefroyi,Cordyceps militaris CM01,,,
Dekkera bruxellensis CBS 2499,Corollospora maritima CBS 119819,,,
Delitschia confertaspora ATCC 74209,Cortinarius glaucopus AT 2004 276,,,
Delphinella strobiligena CBS 735.71,Corynespora cassiicola CCP,,,
Dendrothele bispora CBS 962.96,Crassisporium funariophilum DOB1098,,,
Dentipellis sp. KUC8613,Crepidotus variabilis CBS 506.95,,,
Diaporthe ampelina UCDDA912,Cronartium quercuum f. sp. fusiforme G11,,,
Dichomitus squalens,Crucibulum laeve CBS 166.37,,,
Dichomitus squalens CBS463.89,Cryphonectria parasitica EP155,,,
Dichomitus squalens CBS464.89,Cryptococcus curvatus ATCC 20509,,,
Dichomitus squalens LYAD-421 SS1,Cryptococcus neoformans var neoformans JEC21,,,
Dichomitus squalens OM18370.1,Cryptococcus neoformans var. grubii H99,,,
Didymella exigua CBS 183.55,Cryptococcus terricola JCM 24523,,,
Didymella zeae_maydis 3018,Cryptococcus vishniacii,,,
Dioszegia cryoxerica,Cryptococcus wieringae,,,
Diplodia seriata DS831,Cryptodiaporthe populea CFL2025,,,
Dissoconium aciculare,Cryptodiaporthe sp. AZ0812,,,
Dothidotthia symphoricarpi,Cucurbitaria berberidis CBS 394.84,,,
Dothistroma septosporum NZE10,Cunninghamella echinulata NRRL 1382,,,
Elsinoe ampelina CECT 20119,Cyathus striatus AH 40144,,,
Encephalitozoon cuniculi GB-M1,Cyberlindnera jadinii NRRL Y_1542,,,
Encephalitozoon hellem ATCC 50504,Cylindrobasidium torrendii FP15055,,,
Encephalitozoon intestinalis ATCC 50506,Cyphellophora europaea CBS 101466,,,
Encephalitozoon romaleae SJ-2008,Cystostereum murrayi CysMur001,,,
Endocarpon pusillum Z07020,Cytidiella melzeri FP 102339,,,
Enterocytozoon bieneusi H348,Cytospora chrysosperma CFL2056,,,
Entoleuca mammata CFL468,Dacryopinax primogenitus DJM 731 SSP1,,,
Entophlyctis helioformis JEL805,Daedalea quercina,,,
Eremomyces bilateralis CBS 781.7,Daldinia eschscholzii EC12,,,
Eremothecium gossypii ATCC 10895,Debaryomyces hansenii,,,
Erythrobasidium hasegawianum ATCC 9536,Decorospora gaudefroyi,,,
Eurotium rubrum,Dekkera bruxellensis CBS 2499,,,
Eutypa lata UCREL1,Delitschia confertaspora ATCC 74209,,,
Exidia glandulosa,Delphinella strobiligena CBS 735.71,,,
Exobasidium vaccinii MPITM,Dendrothele bispora CBS 962.96,,,
Exophiala aquamarina CBS 119918,Dentipellis sp. KUC8613,,,
Exophiala dermatitidis UT8656,Diaporthe ampelina UCDDA912,,,
Exophiala mesophila CBS40295,Dichomitus squalens CBS463.89,,,
Exophiala oligosperma CBS72588,Dichomitus squalens CBS464.89,,,
Exophiala sideris CBS121828,Dichomitus squalens LYAD_421 SS1,,,
Exophiala spinifera CBS89968,Dichomitus squalens OM18370.1,,,
Exophiala xenobiotica CBS118157,Dichotomocladium elegans RSA 919_,,,
Fellomyces penicillatus Phaff54_35,Didymella exigua CBS 183.55,,,
Fibroporia radiculosa TFFH 294,Didymella zeae_maydis 3018,,,
Fibulobasidium inconspicuum Phaff89_39,Didymocrea sadasivanii CBS 438.65,,,
Fibulorhizoctonia sp. CBS 109695,Dimargaris cristalligena RSA 468 single_cell,,,
Fistulina hepatica,Dioszegia cryoxerica,,,
Fomitiporia mediterranea,Diplodia seriata DS831,,,
Fomitopsis pinicola FP-58527 SS1,Dissoconium aciculare,,,
Fonsecaea multimorphosa CBS 102226,Dothidotthia symphoricarpi,,,
Fonsecaea pedrosoi CBS 271.37,Dothistroma septosporum NZE10,,,
Fusarium fujikuroi IMI 58289,Earliella scabrosa CIRM_BRFM 1817,,,
Gaertneriomyces semiglobifer Barr 43,Elsinoe ampelina CECT 20119,,,
Galerina marginata,Encephalitozoon cuniculi GB_M1,,,
Ganoderma sp. 10597 SS1,Encephalitozoon hellem ATCC 50504,,,
Gautieria morchelliformis GMNE.BST,Encephalitozoon intestinalis ATCC 50506,,,
Gilbertella persicaria var. persicaria CBS 190.32-T,Encephalitozoon romaleae SJ_2008,,,
Glarea lozoyensis ATCC 20868,Endocarpon pusillum Z07020,,,
Globomyces pollinis-pini Arg68,Enterocytozoon bieneusi H348,,,
Gloeopeniophorella convolvens OM19405,Entoleuca mammata CFL468,,,
Gloeophyllum trabeum,Entophlyctis helioformis JEL805,,,
Glomerella acutata,Eremomyces bilateralis CBS 781.70,,,
Glomerella cingulata,Eremothecium gossypii ATCC 10895,,,
Glonium stellatum CBS 207.34,Erysiphe necator c,,,
Gonapodya prolifera,Erythrobasidium hasegawianum ATCC 9536,,,
Gongronella butleri,Eurotium rubrum,,,
Grosmannia clavigera kw1407,Eutypa lata UCREL1,,,
Guyanagaster necrorhiza MCA 3950,Exidia glandulosa,,,
Gymnascella aurantiaca,Exobasidium maculosum A7_4,,,
Gymnascella citrina,Exobasidium vaccinii MPITM,,,
Gymnopilus chrysopellus PR-1187,Exophiala alcalophila ATCC 48519,,,
Gymnopilus junonius AH 44721,Exophiala alcalophila J33,,,
Gymnopus androsaceus JB14,Exophiala aquamarina CBS 119918,,,
Gymnopus earleae GB-263.02,Exophiala dermatitidis UT8656,,,
Gymnopus luxurians,Exophiala mesophila CBS40295,,,
Gyrodon lividus BX,Exophiala oligosperma CBS72588,,,
Gyromitra esculenta CBS101906,Exophiala sideris CBS121828,,,
Hanseniaspora valbyensis NRRL Y-1626,Exophiala spinifera CBS89968,,,
Hebeloma cylindrosporum h7,Exophiala xenobiotica CBS118157,,,
Heliocybe sulcata OMC1185,Fellomyces penicillatus Phaff54_35,,,
Hesseltinella vesiculosa NRRL3301,Fennellomyces sp. T_0311,,,
Heterobasidion annosum,Fibroporia radiculosa TFFH 294,,,
Heterogastridium pycnidioideum ATCC MYA-4631,Fibulobasidium inconspicuum Phaff89_39,,,
Hortaea acidophila CBS 113389,Fibulorhizoctonia sp. CBS 109695,,,
Hyalopycnis blepharistoma ATCC 48560,Fistulina hepatica,,,
Hydnomerulius pinastri,Fomes fomentarius CIRM_BRFM 1821,,,
Hydnopolyporus fimbriatus CBS384.51,Fomitiporia mediterranea,,,
Hydnum rufescens UP504,Fomitopsis betulina CIRM_BRFM 1772,,,
Hymenopellis radicata IJFM A160,Fomitopsis pinicola FP_58527 SS1,,,
Hymenoscyphus varicosporoides PMI_453,Fonsecaea monophora CBS 269.37,,,
Hypholoma sublateritium,Fonsecaea multimorphosa CBS 102226,,,
Hyphopichia burtonii NRRL Y-1933,Fonsecaea nubica CBS 269.64,,,
Hypoxylon sp. CI-4A,Fonsecaea pedrosoi CBS 271.37,,,
Hypoxylon sp. CO27-5,Fusarium fujikuroi IMI 58289,,,
Hypoxylon sp. EC38,Fusarium graminearum,,,
Hysterium pulicare,Fusarium oxysporum f. sp. lycopersici 4287,,,
Ilyonectria radicicola,Fusarium oxysporum FOX64,,,
Ilyonectria robusta PMI_751,Fusarium pseudograminearum CS3096,,,
Jaapia argillacea,Fusarium redolens A4,,,
Jaminaea sp. MCA 5214,Fusarium verticillioides 7600,,,
Kalaharituber pfeilii F3,Gaertneriomyces semiglobifer Barr 43,,,
Karstenula rhodostoma CBS 690.94,Gaeumannomyces graminis var. tritici R3_111a_1,,,
Kazachstania africana CBS 2517,Galerina marginata,,,
Khuskia oryzae ATCC 28132,Ganoderma sp. 10597 SS1,,,
Kluyveromyces lactis,Gautieria morchelliformis GMNE.BST,,,
Kockovaella imperatae NRRL Y-17943,Gelasinospora tetrasperma,,,
Kuraishia capsulata CBS 1993,Gilbertella persicaria var. persicaria CBS 190.32_T,,,
Laccaria amethystina LaAM-08-1,Glarea lozoyensis ATCC 20868,,,
Laccaria bicolor,Globomyces pollinis_pini Arg68,,,
Lactarius quietus S23C,Gloeopeniophorella convolvens OM19405,,,
Lactifluus volemus BPL652,Gloeophyllum trabeum,,,
Laetiporus sulphureus var. sulphureus,Glomerella acutata (Colletotrichum fiorinae MH 18),,,
Leiotrametes sp BRFM 1775,Glomerella cingulata 23 (Colletotrichum gloeosporoides 23),,,
Lentinellus vulpinus AHS73672_sp,Glonium stellatum CBS 207.34,,,
Lentinus tigrinus,Gonapodya prolifera,,,
Lentinus tigrinus ALCF2SS1-6,Gongronella butleri,,,
Lentinus tigrinus ALCF2SS1-7,Gremmeniella abietina DAOM 170408,,,
Lentithecium fluviatile,Grosmannia clavigera kw1407,,,
Lepidopterella palustris,Guyanagaster necrorhiza MCA 3950,,,
Lepista nuda CBS 247.69,Gymnascella aurantiaca,,,
Leptosphaeria maculans,Gymnascella citrina,,,
Leucoagaricus gongylophorus Ac12,Gymnopilus chrysopellus PR_1187,,,
Leucogyrophana mollusca,Gymnopilus junonius AH 44721,,,
Leucosporidiella creatinivora 62_1032,Gymnopus androsaceus JB14,,,
Lichtheimia corymbifera JMRC FSU 9682,Gymnopus earleae GB_263.02,,,
Lichtheimia hyalospora,Gymnopus luxurians,,,
Linderina pennispora ATCC 12442,Gyrodon lividus BX,,,
Lindgomyces ingoldianus ATCC 200398,Gyromitra esculenta CBS101906,,,
Lindra thalassiae JK4322,Hanseniaspora valbyensis NRRL Y_1626,,,
Lineolata rhizophorae ATCC 16933,Hebeloma cylindrosporum h7,,,
Lipomyces starkeyi NRRL Y-11557,Heliocybe sulcata OMC1185,,,
Lizonia empirigonia CBS 542.76,Hesseltinella vesiculosa NRRL3301,,,
Lobosporangium transversale NRRL 3116,Heterobasidion annosum,,,
Lollipopaia minuta P26; CBS 116597,Heterogastridium pycnidioideum ATCC MYA_4631,,,
Lophiostoma macrostomum,Hexagonia nitida CIRM_BRFM 1802,,,
Lophiotrema nucula CBS 627.86,Histoplasma capsulatum NAm1,,,
Lophium mytilinum CBS 269.34,Homolaphlyctis polyrhiza JEL142,,,
Loramyces juncicola 46458,Hortaea acidophila CBS 113389,,,
Loramyces macrosporus CBS235.53,Hortaea werneckii EXF_2000 M0,,,
Lycoperdon perlatum FP-102459-T,Hyalopycnis blepharistoma ATCC 48560,,,
Macrolepiota fuliginosa,Hydnomerulius pinastri,,,
Macrophomina phaseolina MS6,Hydnopolyporus fimbriatus CBS384.51,,,
Macroventuria anomochaeta CBS 525.71,Hydnum rufescens UP504,,,
Magnaporthe grisea,Hymenopellis radicata IJFM A160,,,
Magnaporthiopsis poae ATCC 64411,Hymenoscyphus varicosporoides PMI_453,,,
Malassezia globosa,Hypholoma sublateritium,,,
Malassezia sympodialis ATCC 42132,Hyphopichia burtonii NRRL Y_1933,,,
Marasmius fiardii PR_910,Hypoxylon sp. CI_4A,,,
Mariannaea sp. PMI_226,Hypoxylon sp. CO27_5,,,
Marssonina brunnea f. sp. multigermtubi MB m1,Hypoxylon sp. EC38,,,
Martensiomyces pterosporus CBS 209.56,Hysterium pulicare,,,
Massarina eburnea CBS 473.64,Ilyonectria europaea CBS 129078,,,
Massariosphaeria phaeospora CBS 611.86,Ilyonectria robusta PMI_751,,,
Meira miltonrushii MCA 3882,Ilyonectria sp.,,,
Melampsora allii_populina 12AY07,Irpex lacteus CCBAS Fr. 238 617/93,,,
Melampsora laricis-populina,Jaapia argillacea,,,
Melampsora lini CH5,Jaminaea sp. MCA 5214,,,
Melanconium sp. NRRL 54901,Kalaharituber pfeilii F3,,,
Melanomma pulvis-pyrius,Karstenula rhodostoma CBS 690.94,,,
Melanotaenium endogenum CBS481.91,Kazachstania africana CBS 2517,,,
Meliniomyces bicolor E,Khuskia oryzae ATCC 28132,,,
Meliniomyces variabilis F,Kickxella alabastrina RSA 675,,,
Meredithblackwellia eburnea MCA 4105,Kluyveromyces lactis,,,
Metarhizium acridum CQMa 102,Kockovaella imperatae NRRL Y_17943,,,
Metarhizium robertsii,Kuraishia capsulata CBS 1993,,,
Metschnikowia bicuspidata var. bicuspidata NRRL YB-4993,Laccaria amethystina LaAM_08_1,,,
Meyerozyma guilliermondii ATCC 6260,Laccaria bicolor,,,
Microascus trigonosporus CBS 218.31,Lactarius quietus S23C,,,
Microbotryum lychnidis-dioicae p1A1 Lamole,Lactifluus subvellereus BPL653,,,
Microbotryum violaceum p1A1 Lamole,Lactifluus volemus BPL652,,,
Microdochium bolleyi J235TASD1,Laetiporus sulphureus var. sulphureus,,,
Microsporum canis CBS 113480,Lasiosphaeria miniovina SMH2392_1A,,,
Microstromatales sp. MCA 4718,Lasiosphaeria ovina CBS 958.72,,,
Microthyrium microscopicum CBS 115976,Lasiosphaeris hirsuta SMH4607_1,,,
Mixia osmundae IAM 14324,Lecythophora sp. AK0013,,,
Monacrosporium haptotylum CBS 200.50,Leiotrametes lactinea CIRM_BRFM 1664,,,
Monascus purpureus,Leiotrametes menziesii CIRM_BRFM 1781,,,
Monascus ruber NRRL 1597,Leiotrametes sp BRFM 1775,,,
Moniliophthora perniciosa FA553,Lentinellus vulpinus AHS73672_sp,,,
Morchella conica CCBAS932,Lentinula afn. lateritia sp2 HRB7682 ss15,,,
Morchella importuna SCYDJ1_A1,Lentinula edodes Le(Bin) 0899 ss11,,,
Mortierella elongata,Lentinula lateritia RHP3577 ss4,,,
Mortierella multidivaricata RSA 2152 T,Lentinula raphanica INPA1701G ss19,,,
Mrakia frigida ATCC 22029,Lentinus tigrinus ALCF2SS1_6,,,
Mucor circinelloides f. lusitanicus CBS 277.49,Lentinus tigrinus ALCF2SS1_7,,,
Mucor heterogamus NRRL 1489,Lentinus tigrinus,,,
Mutinus elegans ME.BST,Lentithecium fluviatile,,,
Myceliophthora heterothallica CBS 203.75,Lepidopterella palustris,,,
Myceliophthora thermophila,Lepista nuda CBS 247.69,,,
Mycena galopus ATCC-62051,Leptodontium sp. PMI_412,,,
Mycosphaerella fijiensis,Leptosphaeria maculans,,,
Mycosphaerella graminicola,Leucoagaricus gongylophorus Ac12,,,
Mycotypha africana NRRL 2978,Leucogyrophana mollusca KUC20120723A_06,,,
Myriangium duriaei CBS 260.36,Leucosporidiella creatinivora 62_1032,,,
Myrothecium inundatum CBS 120646,Lichtheimia corymbifera JMRC:FSU:9682,,,
Mytilinidion resinicola CBS 304.34,Lichtheimia hyalospora,,,
Nadsonia fulvescens var. elongata DSM 6958,Linderina pennispora ATCC 12442,,,
Naiadella fluitans ATCC 64713,Lindgomyces ingoldianus ATCC 200398,,,
Naohidea sebacea CBS 8477P95,Lindra thalassiae JK4322,,,
Nectria haematococca,Lineolata rhizophorae ATCC 16933,,,
Nematocida parisii ERTm1,Lipomyces starkeyi NRRL Y_11557,,,
Neocallimastix californiae,Lizonia empirigonia CBS 542.76,,,
Neofusicoccum parvum UCRNP2,Lobaria pulmonaria Scotland,,,
Neolentinus lepideus,Lobosporangium transversale NRRL 3116,,,
Neosartorya fischeri NRRL 181,Lodderomyces elongisporus NRRL YB_4239,,,
Neurospora crassa FGSC 73 trp_3,Lollipopaia minuta P26; CBS 116597,,,
Neurospora crassa OR74A,Lophiostoma macrostomum,,,
Neurospora discreta FGSC 8579,Lophiotrema nucula CBS 627.86,,,
Neurospora tetrasperma FGSC 2508,Lophium mytilinum CBS 269.34,,,
Neurospora tetrasperma FGSC 2509,Loramyces juncicola 46458,,,
Niesslia exilis CBS 358.7,Loramyces macrosporus CBS235.53,,,
Nosema ceranae BRL01,Lycoperdon perlatum FP_102459_T,,,
Obba rivulosa,Macrolepiota fuliginosa MF_IS2,,,
Ogataea angusta NCYC 495 leu1.1,Macrophomina phaseolina MS6,,,
Ogataea polymorpha NCYC 495 leu1.1,Macroventuria anomochaeta CBS 525.71,,,
Oidiodendron maius Zn,Magnaporthe grisea,,,
Omphalotus olearius,Magnaporthiopsis poae ATCC 64411,,,
Onnia scaura P_53A,Malassezia globosa,,,
Ophiobolus disseminans,Malassezia sympodialis ATCC 42132,,,
Ophiostoma piceae UAMH 11346,Marasmius fiardii PR_910,,,
Ophiostoma piliferum,Mariannaea sp. PMI_226,,,
Orpinomyces sp. C1A,Marssonina brunnea f. sp. multigermtubi MB_m1,,,
Oudemansiella mucida CBS 558.79,Martensiomyces pterosporus CBS 209.56,,,
Pachysolen tannophilus NRRL Y-2460,Massarina eburnea CBS 473.64,,,
Panellus stipticus KUC8834,Massariosphaeria phaeospora CBS 611.86,,,
Panellus stipticus LUM,Meira miltonrushii MCA 3882,,,
Panus rudis PR_1116 ss_1,Melampsora allii_populina 12AY07,,,
Paracoccidioides brasiliensis Pb03,Melampsora larici_populina,,,
Paraconiothyrium sporulosum AP3s5_JAC2a,Melampsora lini CH5,,,
Parasitella parasitica,Melanconium sp. NRRL 54901,,,
Patellaria atrata,Melanomma pulvis_pyrius,,,
Paxillus adelphus Ve08.2h10,Melanospora tiffanyae F1KG0001,,,
Paxillus ammoniavirescens Pou09.2,Melanotaenium endogenum CBS481.91,,,
Paxillus involutus ATCC 200175,Meliniomyces bicolor E,,,
Paxillus rubicundulus Ve08.2h10,Meliniomyces variabilis F,,,
Penicillium bilaiae ATCC 20851,Meredithblackwellia eburnea MCA 4105,,,
Penicillium brevicompactum,Metarhizium acridum CQMa 102,,,
Penicillium brevicompactum AgRF18,Metarhizium robertsii ARSEF 23,,,
Penicillium canescens ATCC 10419,Metschnikowia bicuspidata NRRL YB_4993,,,
Penicillium chrysogenum,Metschnikowia bicuspidata single_cell,,,
Penicillium chrysogenum Wisconsin 54-1255,Metschnikowia fructicola 277,,,
Penicillium digitatum PHI26,Meyerozyma guilliermondii ATCC 6260,,,
Penicillium expansum ATCC 24692,Microascus trigonosporus CBS 218.31,,,
Penicillium fellutanum ATCC 48694,Microbotryum lychnidis_dioicae p1A1 Lamole,,,
Penicillium glabrum DAOM 239074,Microbotryum violaceum p1A1 Lamole,,,
Penicillium janthinellum ATCC 10455,Microdochium bolleyi J235TASD1,,,
Penicillium lanosocoeruleum ATCC 48919,Microdochium trichocladiopsis CBS 623.77,,,
Penicillium oxalicum 114-2,Microsporum canis CBS 113480,,,
Penicillium raistrickii ATCC 10490,Microthyrium microscopicum CBS 115976,,,
Penicillium subrubescens FBCC1632 / CBS132785,Mixia osmundae IAM 14324,,,
Penicillium thymicola,Moesziomyces aphidis DSM 70725,,,
Peniophora sp.,Monacrosporium haptotylum CBS 200.50,,,
Peniophora sp. CONTA,Monascus purpureus,,,
Periconia macrospinosa DSE2036,Monascus ruber NRRL 1597,,,
Phaeoacremonium aleophilum UCRPA7,Moniliella sp. MCA 3643,,,
Phaeomoniella chlamydospora UCRPC4,Moniliophthora perniciosa FA553,,,
Phaeosphaeriaceae sp. PMI 808,Morchella conica CCBAS932,,,
Phanerochaete carnosa HHB-10118-Sp,Morchella importuna SCYDJ1_A1,,,
Phanerochaete chrysosporium,Mortierella elongata AG_77,,,
Phascolomyces articulosus,Mortierella humilis PMI_1414 _ Glomeribacter phylotype 2 Fungal Standard Draft,,,
Phialocephala scopiformis 5WS22E1,Mortierella multidivaricata RSA 2152 T,,,
Phlebia brevispora HHB-7030 SS6,Mortierella sp. nov. GBAus27b _ Mollicutes_related endobacteria (MRE) phylotype 2 Metagenome Co_culture,,,
Phlebia centrifuga FBCC195,Mortierella verticillata NRRL 6337,,,
Phlebiopsis gigantea,Mrakia frigida ATCC 22029,,,
Pholiota alnicola AH 47727,Mucor circinelloides CBS277.49,,,
Pholiota conissans CIRM_BRFM 674,Mucor cordense RSA 1222,,,
Phycomyces blakesleeanus,Mucor heterogamus NRRL 1489,,,
Phyllosticta citriasiana,Multifurca ochricompacta BPL690,,,
Pichia membranifaciens,Mutinus elegans ME.BST,,,
Pichia pastoris,Myceliophthora heterothallica CBS 202.75,,,
Pichia stipitis,Myceliophthora heterothallica CBS 203.75,,,
Piedraia hortae,Myceliophthora thermophila (Sporotrichum thermophile),,,
Piloderma croceum F 1598,Mycena alexandri CBHHK200,,,
Piriformospora indica DSM 11827,Mycena amicta BAPX,,,
Piromyces finnis,Mycena belliae CBHHK173m,,,
Piromyces sp. E2,Mycena capillaripes Frankland 9286,,,
Pisolithus microcarpus 441,Mycena crocata CBHHK184,,,
Pisolithus tinctorius Marx 270,Mycena epipterygia CBHHK145m,,,
Plectania melastoma CBS 918.72,Mycena filopes CBHHK001,,,
Plectosphaerella cucumerina DS2psM2a2,Mycena floridula CBHHK072,,,
Plenodomus tracheiphilus IPT5,Mycena galopus ATCC_62051,,,
Pleomassaria siparia,Mycena haematopus CBHHK189,,,
Pleurotus eryngii ATCC 90797,Mycena rebaudengoi CBHHK068,,,
Pleurotus ostreatus PC15,Mycena rosella CBHHK067,,,
Pleurotus ostreatus PC9,Mycena sanguinolenta CBHHK176m,,,
Plicaturopsis crispa,Mycena sp. CBHHK59/15,,,
Pluteus cervinus NL_1719,Mycena vitilis CBHHK169m,,,
Pneumocystis jirovecii,Mycosphaerella graminicola,,,
Podospora anserina S mat+,Mycotypha africana NRRL 2978,,,
Podospora curvicolla TEP21a,Myriangium duriaei CBS 260.36,,,
Polychaeton citri,Myrothecium inundatum CBS 120646,,,
Polyplosphaeria fusca CBS 125425,Mytilinidion resinicola CBS 304.34,,,
Polyporus arcularius,Nadsonia fulvescens var. elongata DSM 6958,,,
Polyporus brumalis BRFM 1820,Naiadella fluitans ATCC 64713,,,
Porodaedalea chrysoloma FP_135951,Nakaseomyces bacillisporus CBS 7720,,,
Porodaedalea niemelaei PN71_100_IP13,Nakaseomyces delphensis CBS 2170,,,
Postia placenta MAD 698-R,Naohidea sebacea CBS 8477 (P95),,,
Postia placenta MAD-698-R-SB12,Nectria haematococca,,,
Protomyces inouyei,Nematocida parisii ERTm1,,,
Protomyces lactucaedebilis 12_1054,Neocallimastix californiae G1,,,
Pseudographis elatina,Neofusicoccum parvum UCRNP2,,,
Pseudomassariella vexata CBS 129021,Neolecta irregularis DAH_1,,,
Pseudovirgaria hyperparasitica CBS 121739,Neolentinus lepideus,,,
Pseudozyma antarctica T-34,Neonectria ditissima R09/05,,,
Pseudozyma hubeiensis SY62,Neosartorya fischeri NRRL 181,,,
Pterula gracilis CBS309.79,Neurospora crassa FGSC 73 trp_3,,,
Puccinia striiformis f. sp. tritici PST-130,Neurospora crassa OR74A,,,
Punctularia strigosozonata,Neurospora discreta FGSC 8579 mat A,,,
Purpureocillium sp. UdeA0106,Neurospora hispaniola FGSC 10403,,,
Pycnoporus cinnabarinus BRFM 137,Neurospora tetrasperma FGSC 2509 mat a,,,
Pycnoporus coccineus,Niesslia exilis CBS 358.70,,,
Pycnoporus coccineus BRFM310,Nosema ceranae BRL01,,,
Pycnoporus coccineus CIRM1662,Obba rivulosa 3A_2,,,
Pycnoporus puniceus CIRM_BRFM 1868,Obelidium mucronatum JEL802,,,
Pycnoporus sanguineus BRFM 1264,Ogataea parapolymorpha DL_1,,,
Pyrenochaeta sp. DS3sAY3a,Ogataea polymorpha NCYC 495 leu1.1,,,
Pyrenophora teres f. teres,Oidiodendron maius Zn,,,
Pyrenophora tritici-repentis,Oliveonia pauxilla KC1149,,,
Pyronema confluens CBS100304,Omphalotus olearius,,,
Radiomyces spectabilis NRRL 2753,Onnia scaura P_53A,,,
Ramaria acris UT-36052-T,Ophiobolus disseminans CBS 113818,,,
Ramicandelaber brevisporus CBS 109374,Ophiostoma novo_ulmi subsp. novo_ulmi H327,,,
Rhizoclosmatium globosum JEL800,Ophiostoma piceae UAMH 11346,,,
Rhizoctonia solani AG-1 IB,Ophiostoma piliferum,,,
Rhizodiscina lignyota CBS 133067,Orpinomyces sp.,,,
Rhizophagus irregularis DAOM 181602,Oudemansiella mucida CBS 558.79,,,
Rhizopogon salebrosus TDB_379,Pachysolen tannophilus NRRL Y_2460,,,
Rhizopogon vinicolor AM-OR11-026,Paecilomyces variotii CBS 101075,,,
Rhizopus microsporus ATCC11559,Panaeolus papilionaceus CIRM_BRFM 715,,,
Rhizopus microsporus var. chinensis CCTCC M201021,Panellus stipticus KUC8834,,,
Rhizopus microsporus var. microsporus,Panellus stipticus LUM,,,
Rhizopus microsporus var. microsporus ATCC52814,Panus rudis PR_1116 ss_1,,,
Rhizoscyphus ericae UAMH 7357,Paracoccidioides brasiliensis Pb03,,,
Rhodocollybia butyracea AH 40177,Paracoccidioides brasiliensis Pb18,,,
Rhodosporidium toruloides IFO0559 1,Paraconiothyrium sporulosum AP3s5_JAC2a,,,
Rhodosporidium toruloides IFO0880,Paraphoma chrysanthemicola PD 92/468,,,
Rhodosporidium toruloides IFO1236 1,Paraphysoderma sedebokerense JEL821,,,
Rhodosporidium toruloides NP11,Parasitella parasitica,,,
Rhodotorula graminis WP1,Patellaria atrata,,,
Rhodotorula minuta MCA 4210,Paxillus adelphus Ve08.2h10,,,
Rhodotorula sp. JG_1b,Paxillus ammoniavirescens Pou09.2,,,
Rhytidhysteron rufulum,Paxillus involutus ATCC 200175,,,
Rickenella fibula HBK330_10,Penicillium antarcticum IBT 31811,,,
Rickenella mellea,Penicillium bilaiae ATCC 20851,,,
Rozella allomycis CSF55,Penicillium brevicompactum 1011305,,,
Russula brevipes BPL707,Penicillium brevicompactum AgRF18,,,
Russula dissimulans BPL704,Penicillium canescens ATCC 10419,,,
Rutstroemia firma CBS 115.86,Penicillium chrysogenum,,,
Saccharata proteae CBS 121410,Penicillium chrysogenum Wisconsin 54_1255,,,
Saccharomyces cerevisiae M3707,Penicillium coprophilum IBT 31321,,,
Saccharomyces cerevisiae M3836,Penicillium decumbens IBT 11843,,,
Saccharomyces cerevisiae M3837,Penicillium digitatum Pd1,,,
Saccharomyces cerevisiae M3838,Penicillium digitatum PHI26,,,
Saccharomyces cerevisiae M3839,Penicillium expansum ATCC 24692,,,
Saccharomyces cerevisiae S288C,Penicillium expansum d1,,,
Saccharomyces cerevisiae YB210,Penicillium fellutanum ATCC 48694,,,
Saitoella complicata NRRL Y-17804,Penicillium flavigenum IBT 14082,,,
Sarcoscypha coccinea ATCC 58028,Penicillium glabrum DAOM 239074,,,
Schizophyllum commune H4-8,Penicillium griseofulvum PG3,,,
Schizophyllum commune Loenen D,Penicillium italicum PHI_1,,,
Schizophyllum commune Tattone D,Penicillium janthinellum ATCC 10455,,,
Schizopora paradoxa,Penicillium lanosocoeruleum ATCC 48919,,,
Schizosaccharomyces pombe,Penicillium nalgiovense FM193,,,
Scleroderma citrinum Foug A,Penicillium oxalicum 114_2,,,
Sclerogaster hysterangioides SCL2.BST,Penicillium polonicum IBT 4502,,,
Scytinostroma sp. KUC9335,Penicillium raistrickii ATCC 10490,,,
Sebacina vermifera MAFF 305830,Penicillium solitum IBT 29525,,,
Sebacina vermifera ssp. bescii,Penicillium steckii IBT 24891,,,
Septobasidium sp. PNB30_8B,Penicillium subrubescens FBCC1632 / CBS132785,,,
Septoria musiva SO2202,Penicillium swiecickii 182 6C1,,,
Septoria populicola,Penicillium thymicola DAOMC 180753,,,
Serpula lacrymans var shastensis SHA21-2,Penicillium vulpinum IBT 29486,,,
Serpula lacrymans var. lacrymans S7.3,Peniophora sp. CONTA,,,
Serpula lacrymans var. lacrymans S7.9,Peniophora sp.,,,
Setomelanomma holmii CBS 110217,Periconia macrospinosa DSE2036,,,
Setosphaeria turcica Et28A,Phaeoacremonium aleophilum UCRPA7,,,
Setosphaeria turcica NY001,Phaeoacremonium sp. FL0889,,,
Sirobasidium intermedium CBS7805,Phaeomoniella chlamydospora UCRPC4,,,
Sistotremastrum niveocremeum HHB9708,Phaeosphaeriaceae sp. PMI_808,,,
Sistotremastrum suecicum,Phanerochaete carnosa HHB_10118_Sp,,,
Sodiomyces alkalinus,Phanerochaete chrysosporium RP_78,,,
Sparassis latifolia CCMJ1100,Phascolomyces articulosus,,,
Spathaspora passalidarum NRRL Y-27907,Phellinus ferrugineofuscus SpK3Phefer14,,,
Spathularia flavida,Phialocephala scopiformis 5WS22E1,,,
Sphaerobolus stellatus,Phialophora attae CBS 131958,,,
Spinellus fusiger NRRL 22323,Phlebia brevispora HHB_7030 SS6,,,
Sporidiobolus pararoseus Phaff 68_350,Phlebia centrifuga FBCC195 ,,,
Sporisorium reilianum SRZ2,Phlebiopsis gigantea,,,
Sporobolomyces linderae CBS 7893,Pholiota alnicola AH 47727,,,
Sporobolomyces roseus,Pholiota conissans CIRM_BRFM 674,,,
Sporopachydermia lactativora Phaff 68_199,Phoma tracheiphila IPT5,,,
Sporormia fimetaria,Phycomyces blakesleeanus NRRL1555,,,
Stagonospora nodorum SN15,Phycomyces nitens S607,,,
Stagonospora sp. SRC1lsM3a,Phycomyces nitens S608,,,
Stanjemonium grisellum CBS 655.79,Phycomyces nitens S609,,,
Stereum hirsutum FP-91666 SS1,Phyllosticta capitalensis CBS 128856,,,
Sugiyamaella americana NRRL YB_2067,Phyllosticta citriasiana,,,
Suillus americanus EM31,Phyllosticta citribraziliensis CBS 100098,,,
Suillus brevipes,Phyllosticta citricarpa CBS 127454,,,
Suillus decipiens EM49,Phyllosticta citrichinaensis CBS 130529,,,
Suillus granulatus EM37,Phyllosticta sp. CPC 27169,,,
Suillus hirtellus EM16,Phyllosticta sp. CPC 27913,,,
Suillus luteus UH-Slu-Lm8-n1,Pichia membranifaciens,,,
Suillus pictus EM44,Pichia pastoris,,,
Symbiotaphrina kochii,Pichia stipitis,,,
Sympodiomyces attinorum NRRL Y_27639,Piedraia hortae,,,
Syncephalastrum racemosum NRRL 2496,Pilaira anomala RSA1997,,,
Syncephalis fuscata S228,Pilobolus umbonatus NRRL 6349,,,
Syncephalis plumigaleata NRRL S24,Piloderma croceum F 1598,,,
Talaromyces aculeatus ATCC 10409,Piptocephalis cylindrospora RSA 2659 single_cell,,,
Talaromyces marneffei ATCC 18224,Piriformospora indica DSM 11827 from MPI,,,
Talaromyces proteolyticus PMI_201,Piromyces finnis,,,
Talaromyces stipitatus ATCC 10500,Piromyces sp. E2,,,
Taphrina deformans,Pisolithus microcarpus 441,,,
Teratosphaeria nubilosa CBS 116005,Pisolithus tinctorius Marx 270,,,
Terfezia boudieri ATCC MYA_4762,Plectania melastoma CBS 918.72,,,
Terfezia boudieri S1,Plectosphaerella cucumerina DS2psM2a2,,,
Testicularia cyperi MCA 3645,Plectosphaerella cucumerina RP01,,,
Thamnidium elegans,Pleomassaria siparia,,,
Thelebolus microsporus ATCC 90970,Pleurotus eryngii ATCC 90797,,,
Thelebolus stercoreus,Pleurotus ostreatus PC15,,,
Thelephora ganbajun P2,Pleurotus ostreatus PC9,,,
Thermoascus aurantiacus,Plicaturopsis crispa,,,
Thielavia antarctica CBS 123565,Pluteus cervinus NL_1719,,,
Thielavia appendiculata CBS 731.68,Pneumocystis jirovecii,,,
Thielavia arenaria CBS 508.74,Pochonia chlamydosporia 170,,,
Thielavia hyrcaniae CBS 757.83,Podospora anserina mat+,,,
Thielavia terrestris,Podospora anserina S mat+,,,
Thozetella sp. PMI 491,Podospora curvicolla TEP21a,,,
Tilletiaria anomala UBC 951,Podospora didyma CBS 232.78,,,
Tilletiopsis albescens,Polychaeton citri,,,
Tilletiopsis washingtonensis MCA 4186,Polyplosphaeria fusca CBS 125425,,,
Torpedospora radiata JK5252C,Polyporus arcularius,,,
Torulaspora delbrueckii CBS 1146,Polyporus brumalis BRFM 1820,,,
Tothia fuscella CBS 130266,Polyporus squamosus CCBS 676,,,
Trametes cingulata BRFM 1805,Porodaedalea chrysoloma FP_135951,,,
Trametes cinnabarina BRFM137,Porodaedalea niemelaei PN71_100_IP13,,,
Trametes ljubarskyi CIRM1659,Postia placenta MAD 698_R,,,
Trametes sanguinea,Postia placenta MAD_698_R_SB12,,,
Trametes versicolor,Protomyces inouyei,,,
Trametopsis cervina CIRM_BRFM 1824,Protomyces lactucaedebilis 12_1054,,,
Trematosphaeria pertusa CBS 122368,Pseudocercospora (Mycosphaerella) fijiensis,,,
Tremella encephala 68_887.2,Pseudographis elatina,,,
Tremella mesenterica,Pseudogymnoascus destructans 20631_21,,,
Trichaptum abietinum,Pseudomassariella vexata CBS 129021,,,
Trichodelitschia bisporula CBS 262.69,Pseudomicrostroma glucosiphilum gen et sp. nov. MCA 4718,,,
Trichoderma asperellum CBS 433.97,Pseudovirgaria hyperparasitica CBS 121739,,,
Trichoderma asperellum TR356,Pseudozyma antarctica T_34,,,
Trichoderma atroviride,Pseudozyma hubeiensis SY62,,,
Trichoderma citrinoviride,Pterula gracilis CBS309.79,,,
Trichoderma harzianum CBS 226.95,Puccinia coronata avenae 12NC29,,,
Trichoderma harzianum TR274,Puccinia coronata avenae 12SD80,,,
Trichoderma longibrachiatum ATCC 18648,Puccinia graminis f. sp. tritici,,,
Trichoderma reesei,Puccinia striiformis f. sp. tritici 104 E137 A_,,,
Trichoderma reesei RUT C-30,Puccinia striiformis f. sp. tritici PST_130 ,,,
Trichoderma virens Gv29-8,Puccinia striiformis f. sp. tritici PST_78,,,
Tricholoma matsutake 945,Puccinia triticina 1_1 BBBD Race 1,,,
Trichomonascus petasosporus NRRL YB_2093,Punctularia strigosozonata,,,
Trichophaea hybrida UTF0779,Purpureocillium sp. UdeA0106,,,
Trichophyton rubrum CBS 118892,Pycnoporus cinnabarinus BRFM 137,,,
Trichophyton verrucosum HKI 0517,Pycnoporus cinnabarinus CIRM_BRFM 50,,,
Trichosporon chiarellii MYA_4694,Pycnoporus coccineus BRFM 310,,,
Trichosporon guehoae,Pycnoporus coccineus CIRM1662,,,
Trichosporon oleaginosus,Pycnoporus puniceus CIRM_BRFM 1868,,,
Trinosporium guianense CBS132537,Pycnoporus sanguineus BRFM 1264,,,
Tritirachium sp. CBS 265.96,Pyrenochaeta lycopersici ISPaVe ER 1252,,,
Trypethelium eluteriae,Pyrenochaeta sp. DS3sAY3a,,,
Tuber borchii Tbo3840,Pyrenophora teres f. teres,,,
Tuber melanosporum,Pyrenophora tritici_repentis,,,
Tulasnella calospora AL13/4D,Pyronema confluens CBS100304,,,
Umbelopsis ramanniana AG,Radiomyces spectabilis NRRL 2753,,,
Umbelopsis sp. nov. AD052,Ramaria rubella (R. acris) UT_36052_T,,,
Uncinocarpus reesii 1704,Ramicandelaber brevisporus CBS 109374,,,
Usnea florida ATCC18376,Rhizoclosmatium globosum JEL800,,,
Ustilaginomycotina sp. SA 807,Rhizoctonia solani AG_1 IB,,,
Valetoniellopsis laxa CBS 191.97,Rhizodiscina lignyota CBS 133067,,,
Vararia minispora EC_137,Rhizophagus irregularis A1,,,
Venturia inaequalis,Rhizophagus irregularis A4,,,
Venturia pirina venosus 120613_1,Rhizophagus irregularis A5,,,
Verruconis gallopava,Rhizophagus irregularis B3,,,
Verruculina enalia CBS 304.66,Rhizophagus irregularis C2,,,
Verticillium alfalfae VaMs.102,Rhizophagus irregularis DAOM 181602,,,
Verticillium dahliae,Rhizophagus irregularis DAOM 197198,,,
Volvariella volvacea V23,Rhizopogon salebrosus TDB_379,,,
Wallemia ichthyophaga EXF-994,Rhizopogon vesiculosus Smith,,,
Wallemia sebi,Rhizopogon vinicolor AM_OR11_026,,,
Westerdykella ornata CBS 379.55,Rhizopus delemar 99_880 from Broad,,,
Wickerhamiella domercqiae NRRL Y-6692,Rhizopus microsporus ATCC11559,,,
Wickerhamomyces anomalus NRRL Y-366-8,Rhizopus microsporus var. chinensis CCTCC M201021,,,
Wilcoxina mikolae CBS 423.85,Rhizopus microsporus var. microsporus ATCC52813,,,
Wolfiporia cocos MD-104 SS10,Rhizopus microsporus var. microsporus ATCC52814,,,
Xanthoria parietina 46-1-SA22,Rhizoscyphus ericae UAMH 7357,,,
Xenasmatella vaga CBS212.54,Rhodocollybia butyracea AH 40177,,,
Xerocomus badius 84.06,Rhodofomes roseus CIRM_BRFM 1785,,,
Xylaria hypoxylon OSC100004,Rhodosporidium toruloides ATCC26217,,,
Xylariales sp. PMI_506,Rhodosporidium toruloides IFO0559_1,,,
Xylona heveae TC161,Rhodosporidium toruloides IFO0880,,,
Yarrowia lipolytica CLIB122,Rhodosporidium toruloides IFO0880,,,
Zasmidium cellare ATCC 36951,Rhodosporidium toruloides IFO1236_1,,,
Zopfia rhizophila,Rhodosporidium toruloides NP11,,,
Zychaea mexicana,Rhodotorula glutinis,,,
Zygoascus hellenicus Y_7136,Rhodotorula graminis strain WP1,,,
Zymoseptoria ardabiliae STIR04 1.1.1,Rhodotorula minuta MCA 4210,,,
Zymoseptoria pseudotritici STIR04 2.2.1,Rhodotorula mucilaginosa ATCC58901,,,
,Rhodotorula sp. J31,,,
,Rhodotorula sp. JG_1b,,,
,Rhytidhysteron rufulum,,,
,Rickenella fibula HBK330_10,,,
,Rickenella mellea (SZMC22713),,,
,Rigidoporus microporus ED310,,,
,Rozella allomycis CSF55,,,
,Rozella allomycis CSF55 single_cell,,,
,Russula brevipes BPL707,,,
,Russula compacta BPL669,,,
,Russula dissimulans BPL704,,,
,Russula rugulosa BPL654,,,
,Russula vinacea BPL710,,,
,Rutstroemia firma CBS 115.86,,,
,Saccharata proteae CBS 121410,,,
,Saccharomyces cerevisiae M3707 Dikaryon,,,
,Saccharomyces cerevisiae M3836,,,
,Saccharomyces cerevisiae M3837,,,
,Saccharomyces cerevisiae M3838,,,
,Saccharomyces cerevisiae M3839,,,
,Saccharomyces cerevisiae S288C,,,
,Saccharomyces cerevisiae YB210,,,
,Saitoella complicata NRRL Y_17804,,,
,Saksenaea vasiformis B4078,,,
,Sarcoscypha coccinea ATCC 58028,,,
,Schizophyllum commune H4_8,,,
,Schizophyllum commune Loenen D,,,
,Schizophyllum commune Tattone D,,,
,Schizopora paradoxa KUC8140,,,
,Schizosaccharomyces cryophilus OY26,,,
,Schizosaccharomyces japonicus yFS275,,,
,Schizosaccharomyces octosporus yFS286,,,
,Schizosaccharomyces pombe,,,
,Schizothecium vesticola SMH3187_1,,,
,Scleroderma citrinum Foug A,,,
,Sclerogaster hysterangioides SCL2.BST,,,
,Sclerophora sanguinea CBS100924,,,
,Sclerotinia sclerotiorum,,,
,Scytinostroma sp. KUC9335,,,
,Sebacina vermifera MAFF 305830,,,
,Septobasidium sp. PNB30_8B,,,
,Septoria musiva SO2202,,,
,Septoria populicola,,,
,Serendipita sp. 407,,,
,Serendipita vermifera ssp. bescii NFPB0129,,,
,Serpula himantioides (S.lacrymans var shastensis) MUCL38935,,,
,Serpula lacrymans S7.3,,,
,Serpula lacrymans S7.9,,,
,Setomelanomma holmii CBS 110217,,,
,Setosphaeria turcica Et28A,,,
,Setosphaeria turcica NY001,,,
,Sirobasidium intermedium CBS7805,,,
,Sistotremastrum niveocremeum HHB9708 ss_1 1.0,,,
,Sistotremastrum suecicum,,,
,Smittium culicis GSMNP,,,
,Smittium culicis ID_206_W2,,,
,Smittium mucronatum ALG_7_W6,,,
,Sodiomyces alkalinus,,,
,Sordaria brevicollis FGSC1904,,,
,Sparassis latifolia CCMJ1100,,,
,Spathaspora passalidarum NRRL Y_27907,,,
,Spathularia flavida,,,
,Sphaerobolus stellatus,,,
,Spinellus fusiger NRRL 22323,,,
,Spizellomyces punctatus DAOM BR117,,,
,Sporidiobolus pararoseus Phaff 68_350,,,
,Sporisorium reilianum SRZ2,,,
,Sporobolomyces linderae CBS 7893,,,
,Sporobolomyces roseus,,,
,Sporodiniella umbellata MES 1446,,,
,Sporopachydermia lactativora Phaff 68_199,,,
,Sporormia fimetaria,,,
,Stachybotrys elegans LAHC_LSPK_M15,,,
,Stagonospora nodorum SN15,,,
,Stagonospora sp. SRC1lsM3a,,,
,Stanjemonium grisellum CBS 655.79,,,
,Stemphylium lycopersici CIDEFI_216,,,
,Stereum hirsutum FP_91666 SS1,,,
,Sugiyamaella americana NRRL YB_2067,,,
,Suillus americanus EM31,,,
,Suillus brevipes Sb2,,,
,Suillus cothurnatus VC 1858,,,
,Suillus decipiens EM49,,,
,Suillus granulatus EM37,,,
,Suillus hirtellus EM16,,,
,Suillus luteus UH_Slu_Lm8_n1,,,
,Suillus pictus EM44,,,
,Suillus subaureus MN1,,,
,Suillus tomentosus FC115,,,
,Symbiotaphrina kochii,,,
,Sympodiomyces attinorum NRRL Y_27639,,,
,Syncephalastrum racemosum NRRL 2496,,,
,Syncephalis fuscata S228,,,
,Syncephalis plumigaleata NRRL S24,,,
,Syncephalis pseudoplumigaleata Benny S71_1 single_cell,,,
,Talaromyces aculeatus ATCC 10409,,,
,Talaromyces borbonicus CBS 141340 ,,,
,Talaromyces marneffei ATCC 18224,,,
,Talaromyces proteolyticus PMI_201,,,
,Talaromyces stipitatus ATCC 10500,,,
,Taphrina deformans,,,
,Teratosphaeria nubilosa CBS 116005,,,
,Terfezia boudieri ATCC MYA_4762,,,
,Terfezia claveryi T7,,,
,Testicularia cyperi MCA 3645,,,
,Thamnidium elegans,,,
,Thamnocephalis sphaerospora RSA 1356 single_cell,,,
,Thanatephorus cucumeris PT424,,,
,Thelebolus microsporus ATCC 90970,,,
,Thelebolus stercoreus,,,
,Thelephora ganbajun P2,,,
,Thermoascus aurantiacus,,,
,Thermomyces lanuginosus SSBP,,,
,Thielavia antarctica CBS 123565,,,
,Thielavia appendiculata CBS 731.68,,,
,Thielavia arenaria CBS 508.74,,,
,Thielavia hyrcaniae CBS 757.83,,,
,Thielavia terrestris,,,
,Thozetella sp. PMI_491,,,
,Tilletiaria anomala UBC 951,,,
,Tilletiopsis albescens,,,
,Tilletiopsis sp. TKC30,,,
,Tilletiopsis washingtonensis MCA 4186,,,
,Tolypocladium inflatum NRRL 8044,,,
,Torpedospora radiata JK5252C,,,
,Tortispora caseinolytica Y_17796,,,
,Torulaspora delbrueckii CBS 1146,,,
,Tothia fuscella CBS 130266,,,
,Trametes betulina CIRM_BRFM 1801,,,
,Trametes cingulata BRFM 1805,,,
,Trametes gibbosa CIRM_BRFM 1770,,,
,Trametes ljubarskyi CIRM1659,,,
,Trametes maxima CIRM_BRFM 1813,,,
,Trametes meyenii CIRM_BRFM 1810,,,
,Trametes polyzona CIRM_BRFM 1798,,,
,Trametes pubescens FBCC735,,,
,Trametes versicolor,,,
,Trametopsis cervina CIRM_BRFM 1824,,,
,Trematosphaeria pertusa CBS 122368,,,
,Tremella encephala 68_887.2,,,
,Tremella mesenterica Fries,,,
,Trichaptum abietinum,,,
,Trichodelitschia bisporula CBS 262.69,,,
,Trichoderma asperellum CBS 433.97,,,
,Trichoderma asperellum TR356,,,
,Trichoderma atroviride,,,
,Trichoderma citrinoviride TUCIM 6016,,,
,Trichoderma gamsii T6085,,,
,Trichoderma harzianum CBS 226.95,,,
,Trichoderma harzianum TR274,,,
,Trichoderma longibrachiatum ATCC 18648,,,
,Trichoderma reesei RUT C_30,,,
,Trichoderma reesei,,,
,Trichoderma virens Gv29_8,,,
,Tricholoma matsutake 945,,,
,Trichomonascus petasosporus NRRL YB_2093,,,
,Trichophaea hybrida UTF0779,,,
,Trichophyton rubrum CBS 118892,,,
,Trichophyton verrucosum HKI 0517,,,
,Trichosporon asahii var. asahii CBS 2479,,,
,Trichosporon asahii var. asahii CBS 8904,,,
,Trichosporon chiarellii MYA_4694,,,
,Trichosporon guehoae,,,
,Trichosporon oleaginosus IBC0246,,,
,Trinosporium guianense CBS132537,,,
,Tritirachium sp. CBS 265.96,,,
,Truncatella angustata HP017,,,
,Trypethelium eluteriae,,,
,Tuber borchii Tbo3840,,,
,Tuber melanosporum Mel28,,,
,Tulasnella calospora AL13/4D,,,
,Tulasnella calospora UAMH 9824,,,
,Umbelopsis isabellina AD026,,,
,Umbelopsis ramanniana AG #,,,
,Umbelopsis sp. nov. AD052,,,
,Uncinocarpus reesii 1704,,,
,Usnea florida ATCC18376,,,
,Ustilaginoidea virens,,,
,Ustilago hordei Uh4857_4,,,
,Ustilago maydis 521,,,
,Valetoniellopsis laxa CBS 191.97,,,
,Vararia minispora EC_137,,,
,Venturia inaequalis,,,
,Venturia pirina,,,
,Verruconis gallopava,,,
,Verruculina enalia CBS 304.66,,,
,Verticillium alfalfae VaMs.102,,,
,Verticillium dahliae,,,
,Violaceomyces palustris SA 807,,,
,Volvariella volvacea V23,,,
,Vuilleminia comedens VcCUCC2015_SSI6,,,
,Wallemia ichthyophaga EXF_994,,,
,Wallemia mellicola,,,
,Westerdykella ornata CBS 379.55,,,
,Wickerhamiella domercqiae NRRL Y_6692,,,
,Wickerhamomyces anomalus NRRL Y_366_8,,,
,Wilcoxina mikolae CBS 423.85,,,
,Wolfiporia cocos MD_104 SS10,,,
,Xanthoria parietina 46_1_SA22,,,
,Xenasmatella vaga CBS212.54,,,
,Xerocomus badius 84.06,,,
,Xylaria hypoxylon OSC100004,,,
,Xylariales sp. PMI_506,,,
,Xylona heveae TC161,,,
,Yarrowia lipolytica (strain CLIB122),,,
,Yarrowia lipolytica FKP355,,,
,Zancudomyces culisetae COL_18_3,,,
,Zasmidium cellare ATCC 36951,,,
,Zopfia rhizophila,,,
,Zychaea mexicana RSA 1403,,,
,Zygoascus hellenicus Y_7136,,,
,Zygosaccharomyces rouxii CBS732,,,
,Zymoseptoria ardabiliae STIR04_1.1.1,,,
,Zymoseptoria brevis Zb18110,,,
,Zymoseptoria pseudotritici STIR04_2.2.1,,,
