./bin/plant	--populate	--user	test	--pass	test	--db	cider	--fasta	Acyrthosiphon_pisum.Acyr_2.0.pep.all.fa	--taxid	7029	--source	Ensembl,Metazoa	--type	DNA	--ver	Acyr_2.0	--pub		Acyrthosiphon	pisum
./bin/plant	--populate	--user	test	--pass	test	--db	cider	--fasta	Adineta_vaga.AMS_PRJEB1171_v1.pep.all.fa	--taxid	104782	--source	Ensembl,Metazoa	--type	DNA	--ver	AMS_PRJEB1171_v1	--pub		Adineta	vaga
./bin/plant	--populate	--user	test	--pass	test	--db	cider	--fasta	Aedes_aegypti.AaegL3.pep.all.fa	--taxid	7159	--source	Ensembl,Metazoa	--type	DNA	--ver	AaegL3	--pub		Aedes	aegypti
./bin/plant	--populate	--user	test	--pass	test	--db	cider	--fasta	Amphimedon_queenslandica.Aqu1.pep.all.fa	--taxid	400682	--source	Ensembl,Metazoa	--type	DNA	--ver	Aqu1	--pub		Amphimedon	queenslandica
./bin/plant	--populate	--user	test	--pass	test	--db	cider	--fasta	Anopheles_darlingi.AdarC3.pep.all.fa	--taxid	43151	--source	Ensembl,Metazoa	--type	DNA	--ver	AdarC3	--pub		Anopheles	darlingi
./bin/plant	--populate	--user	test	--pass	test	--db	cider	--fasta	Anopheles_gambiae.AgamP4.pep.all.fa	--taxid	7165	--source	Ensembl,Metazoa	--type	DNA	--ver	AgamP4	--pub		Anopheles	gambiae
./bin/plant	--populate	--user	test	--pass	test	--db	cider	--fasta	Anoplophora_glabripennis.Agla_1.0.pep.all.fa	--taxid	217634	--source	Ensembl,Metazoa	--type	DNA	--ver	Agla_1.0	--pub		Anoplophora	glabripennis
./bin/plant	--populate	--user	test	--pass	test	--db	cider	--fasta	Apis_mellifera.Amel_4.5.pep.all.fa	--taxid	7460	--source	Ensembl,Metazoa	--type	DNA	--ver	Amel_4.5	--pub		Apis	mellifera
./bin/plant	--populate	--user	test	--pass	test	--db	cider	--fasta	Atta_cephalotes.Attacep1.0.pep.all.fa	--taxid	12957	--source	Ensembl,Metazoa	--type	DNA	--ver	Attacep1.0	--pub		Atta	cephalotes
./bin/plant	--populate	--user	test	--pass	test	--db	cider	--fasta	Belgica_antarctica.ASM77530v1.pep.all.fa	--taxid	315563	--source	Ensembl,Metazoa	--type	DNA	--ver	ASM77530v1	--pub		Belgica	antarctica
./bin/plant	--populate	--user	test	--pass	test	--db	cider	--fasta	Bombus_impatiens.BIMP_2.0.pep.all.fa	--taxid	132113	--source	Ensembl,Metazoa	--type	DNA	--ver	BIMP_2.0	--pub		Bombus	impatiens
./bin/plant	--populate	--user	test	--pass	test	--db	cider	--fasta	Bombus_terrestris.Bter_1.0.pep.all.fa	--taxid	30195	--source	Ensembl,Metazoa	--type	DNA	--ver	Bter_1.0	--pub		Bombus	terrestris
./bin/plant	--populate	--user	test	--pass	test	--db	cider	--fasta	Bombyx_mori.ASM15162v1.pep.all.fa	--taxid	7091	--source	Ensembl,Metazoa	--type	DNA	--ver	ASM15162v1	--pub		Bombyx	mori
./bin/plant	--populate	--user	test	--pass	test	--db	cider	--fasta	Branchiostoma_lanceolatum.BraLan2.pep.all.fa	--taxid	7740	--source	Ensembl,Metazoa	--type	DNA	--ver	BraLan2	--pub		Branchiostoma	lanceolatum
./bin/plant	--populate	--user	test	--pass	test	--db	cider	--fasta	Brugia_malayi.Bmal-4.0.pep.all.fa	--taxid	6279	--source	Ensembl,Metazoa	--type	DNA	--ver	Bmal-4.0	--pub		Brugia	malayi
./bin/plant	--populate	--user	test	--pass	test	--db	cider	--fasta	Caenorhabditis_brenneri.C_brenneri-6.0.1b.pep.all.fa	--taxid	135651	--source	Ensembl,Metazoa	--type	DNA	--ver	C_brenneri-6.0.1b	--pub		Caenorhabditis	brenneri
./bin/plant	--populate	--user	test	--pass	test	--db	cider	--fasta	Caenorhabditis_briggsae.CB4.pep.all.fa	--taxid	6238	--source	Ensembl,Metazoa	--type	DNA	--ver	CB4	--pub		Caenorhabditis	briggsae
./bin/plant	--populate	--user	test	--pass	test	--db	cider	--fasta	Caenorhabditis_elegans.WBcel235.pep.all.fa	--taxid	6239	--source	Ensembl,Metazoa	--type	DNA	--ver	WBcel235	--pub		Caenorhabditis	elegans
./bin/plant	--populate	--user	test	--pass	test	--db	cider	--fasta	Caenorhabditis_japonica.C_japonica-7.0.1.pep.all.fa	--taxid	281687	--source	Ensembl,Metazoa	--type	DNA	--ver	C_japonica-7.0.1	--pub		Caenorhabditis	japonica
./bin/plant	--populate	--user	test	--pass	test	--db	cider	--fasta	Caenorhabditis_remanei.C_remanei-15.0.1.pep.all.fa	--taxid	31234	--source	Ensembl,Metazoa	--type	DNA	--ver	C_remanei-15.0.1	--pub		Caenorhabditis	remanei
./bin/plant	--populate	--user	test	--pass	test	--db	cider	--fasta	Capitella_teleta.Capitella_teleta_v1.0.pep.all.fa	--taxid	283909	--source	Ensembl,Metazoa	--type	DNA	--ver	Capitella_teleta_v1.0	--pub		Capitella	teleta
./bin/plant	--populate	--user	test	--pass	test	--db	cider	--fasta	Crassostrea_gigas.oyster_v9.pep.all.fa	--taxid	29159	--source	Ensembl,Metazoa	--type	DNA	--ver	oyster_v9	--pub		Crassostrea	gigas
./bin/plant	--populate	--user	test	--pass	test	--db	cider	--fasta	Culex_quinquefasciatus.CpipJ2.pep.all.fa	--taxid	7176	--source	Ensembl,Metazoa	--type	DNA	--ver	CpipJ2	--pub		Culex	quinquefasciatus
./bin/plant	--populate	--user	test	--pass	test	--db	cider	--fasta	Culicoides_sonorensis.Cson1.pep.all.fa	--taxid	179676	--source	Ensembl,Metazoa	--type	DNA	--ver	Cson1	--pub		Culicoides	sonorensis
./bin/plant	--populate	--user	test	--pass	test	--db	cider	--fasta	Danaus_plexippus.Dpv3.pep.all.fa	--taxid	13037	--source	Ensembl,Metazoa	--type	DNA	--ver	Dpv3	--pub		Danaus	plexippus
./bin/plant	--populate	--user	test	--pass	test	--db	cider	--fasta	Daphnia_magna.daphmag2.4.pep.all.fa	--taxid	35525	--source	Ensembl,Metazoa	--type	DNA	--ver	daphmag2.4	--pub		Daphnia	magna
./bin/plant	--populate	--user	test	--pass	test	--db	cider	--fasta	Daphnia_pulex.V1.0.pep.all.fa	--taxid	6669	--source	Ensembl,Metazoa	--type	DNA	--ver	V1.0	--pub		Daphnia	pulex
./bin/plant	--populate	--user	test	--pass	test	--db	cider	--fasta	Dendroctonus_ponderosae.DendPond_male_1.0.pep.all.fa	--taxid	77166	--source	Ensembl,Metazoa	--type	DNA	--ver	DendPond_male_1.0	--pub		Dendroctonus	ponderosae
./bin/plant	--populate	--user	test	--pass	test	--db	cider	--fasta	Dinothrombium_tinctorium.DtinU1.pep.all.fa	--taxid	1965070	--source	Ensembl,Metazoa	--type	DNA	--ver	DtinU1	--pub		Dinothrombium	tinctorium
./bin/plant	--populate	--user	test	--pass	test	--db	cider	--fasta	Drosophila_ananassae.dana_caf1.pep.all.fa	--taxid	7217	--source	Ensembl,Metazoa	--type	DNA	--ver	dana_caf1	--pub		Drosophila	ananassae
./bin/plant	--populate	--user	test	--pass	test	--db	cider	--fasta	Drosophila_erecta.dere_caf1.pep.all.fa	--taxid	7220	--source	Ensembl,Metazoa	--type	DNA	--ver	dere_caf1	--pub		Drosophila	erecta
./bin/plant	--populate	--user	test	--pass	test	--db	cider	--fasta	Drosophila_grimshawi.dgri_caf1.pep.all.fa	--taxid	7222	--source	Ensembl,Metazoa	--type	DNA	--ver	dgri_caf1	--pub		Drosophila	grimshawi
./bin/plant	--populate	--user	test	--pass	test	--db	cider	--fasta	Drosophila_melanogaster.BDGP6.22.pep.all.fa	--taxid	7227	--source	Ensembl,Metazoa	--type	DNA	--ver	BDGP6.22	--pub		Drosophila	melanogaster
./bin/plant	--populate	--user	test	--pass	test	--db	cider	--fasta	Drosophila_mojavensis.dmoj_caf1.pep.all.fa	--taxid	7230	--source	Ensembl,Metazoa	--type	DNA	--ver	dmoj_caf1	--pub		Drosophila	mojavensis
./bin/plant	--populate	--user	test	--pass	test	--db	cider	--fasta	Drosophila_persimilis.dper_caf1.pep.all.fa	--taxid	7234	--source	Ensembl,Metazoa	--type	DNA	--ver	dper_caf1	--pub		Drosophila	persimilis
./bin/plant	--populate	--user	test	--pass	test	--db	cider	--fasta	Drosophila_pseudoobscura.Dpse_3.0.pep.all.fa	--taxid	46245	--source	Ensembl,Metazoa	--type	DNA	--ver	Dpse_3.0	--pub		Drosophila	pseudoobscura
./bin/plant	--populate	--user	test	--pass	test	--db	cider	--fasta	Drosophila_sechellia.dsec_caf1.pep.all.fa	--taxid	7238	--source	Ensembl,Metazoa	--type	DNA	--ver	dsec_caf1	--pub		Drosophila	sechellia
./bin/plant	--populate	--user	test	--pass	test	--db	cider	--fasta	Drosophila_simulans.ASM75419v3.pep.all.fa	--taxid	7240	--source	Ensembl,Metazoa	--type	DNA	--ver	ASM75419v3	--pub		Drosophila	simulans
./bin/plant	--populate	--user	test	--pass	test	--db	cider	--fasta	Drosophila_virilis.dvir_caf1.pep.all.fa	--taxid	7244	--source	Ensembl,Metazoa	--type	DNA	--ver	dvir_caf1	--pub		Drosophila	virilis
./bin/plant	--populate	--user	test	--pass	test	--db	cider	--fasta	Drosophila_willistoni.dwil_caf1.pep.all.fa	--taxid	7260	--source	Ensembl,Metazoa	--type	DNA	--ver	dwil_caf1	--pub		Drosophila	willistoni
./bin/plant	--populate	--user	test	--pass	test	--db	cider	--fasta	Drosophila_yakuba.dyak_caf1.pep.all.fa	--taxid	7245	--source	Ensembl,Metazoa	--type	DNA	--ver	dyak_caf1	--pub		Drosophila	yakuba
./bin/plant	--populate	--user	test	--pass	test	--db	cider	--fasta	Folsomia_candida.ASM221717v1.pep.all.fa	--taxid	158441	--source	Ensembl,Metazoa	--type	DNA	--ver	ASM221717v1	--pub		Folsomia	candida
./bin/plant	--populate	--user	test	--pass	test	--db	cider	--fasta	Heliconius_melpomene.Hmel1.pep.all.fa	--taxid	34740	--source	Ensembl,Metazoa	--type	DNA	--ver	Hmel1	--pub		Heliconius	melpomene
./bin/plant	--populate	--user	test	--pass	test	--db	cider	--fasta	Helobdella_robusta.Helro1.pep.all.fa	--taxid	6412	--source	Ensembl,Metazoa	--type	DNA	--ver	Helro1	--pub		Helobdella	robusta
./bin/plant	--populate	--user	test	--pass	test	--db	cider	--fasta	Ixodes_scapularis.IscaW1.pep.all.fa	--taxid	6945	--source	Ensembl,Metazoa	--type	DNA	--ver	IscaW1	--pub		Ixodes	scapularis
./bin/plant	--populate	--user	test	--pass	test	--db	cider	--fasta	Lepeophtheirus_salmonis.LSalAtl2s.pep.all.fa	--taxid	72036	--source	Ensembl,Metazoa	--type	DNA	--ver	LSalAtl2s	--pub		Lepeophtheirus	salmonis
./bin/plant	--populate	--user	test	--pass	test	--db	cider	--fasta	Leptotrombidium_deliense.LdelU1.pep.all.fa	--taxid	299467	--source	Ensembl,Metazoa	--type	DNA	--ver	LdelU1	--pub		Leptotrombidium	deliense
./bin/plant	--populate	--user	test	--pass	test	--db	cider	--fasta	Lingula_anatina.LinAna1.0.pep.all.fa	--taxid	7574	--source	Ensembl,Metazoa	--type	DNA	--ver	LinAna1.0	--pub		Lingula	anatina
./bin/plant	--populate	--user	test	--pass	test	--db	cider	--fasta	Loa_loa.Loa_loa_V3.pep.all.fa	--taxid	7209	--source	Ensembl,Metazoa	--type	DNA	--ver	Loa_loa_V3	--pub		Loa	loa
./bin/plant	--populate	--user	test	--pass	test	--db	cider	--fasta	Lottia_gigantea.Lotgi1.pep.all.fa	--taxid	225164	--source	Ensembl,Metazoa	--type	DNA	--ver	Lotgi1	--pub		Lottia	gigantea
./bin/plant	--populate	--user	test	--pass	test	--db	cider	--fasta	Lucilia_cuprina.ASM118794v1.pep.all.fa	--taxid	7375	--source	Ensembl,Metazoa	--type	DNA	--ver	ASM118794v1	--pub		Lucilia	cuprina
./bin/plant	--populate	--user	test	--pass	test	--db	cider	--fasta	Mayetiola_destructor.Mdes_1.0.pep.all.fa	--taxid	39758	--source	Ensembl,Metazoa	--type	DNA	--ver	Mdes_1.0	--pub		Mayetiola	destructor
./bin/plant	--populate	--user	test	--pass	test	--db	cider	--fasta	Megaselia_scalaris.Msca1.pep.all.fa	--taxid	36166	--source	Ensembl,Metazoa	--type	DNA	--ver	Msca1	--pub		Megaselia	scalaris
./bin/plant	--populate	--user	test	--pass	test	--db	cider	--fasta	Melitaea_cinxia.MelCinx1.0.pep.all.fa	--taxid	113334	--source	Ensembl,Metazoa	--type	DNA	--ver	MelCinx1.0	--pub		Melitaea	cinxia
./bin/plant	--populate	--user	test	--pass	test	--db	cider	--fasta	Mnemiopsis_leidyi.MneLei_Aug2011.pep.all.fa	--taxid	27923	--source	Ensembl,Metazoa	--type	DNA	--ver	MneLei_Aug2011	--pub		Mnemiopsis	leidyi
./bin/plant	--populate	--user	test	--pass	test	--db	cider	--fasta	Nasonia_vitripennis.Nvit_2.1.pep.all.fa	--taxid	7425	--source	Ensembl,Metazoa	--type	DNA	--ver	Nvit_2.1	--pub		Nasonia	vitripennis
./bin/plant	--populate	--user	test	--pass	test	--db	cider	--fasta	Nematostella_vectensis.ASM20922v1.pep.all.fa	--taxid	45351	--source	Ensembl,Metazoa	--type	DNA	--ver	ASM20922v1	--pub		Nematostella	vectensis
./bin/plant	--populate	--user	test	--pass	test	--db	cider	--fasta	Octopus_bimaculoides.PRJNA270931.pep.all.fa	--taxid	37653	--source	Ensembl,Metazoa	--type	DNA	--ver	PRJNA270931	--pub		Octopus	bimaculoides
./bin/plant	--populate	--user	test	--pass	test	--db	cider	--fasta	Onchocerca_volvulus.ASM49940v2.pep.all.fa	--taxid	6282	--source	Ensembl,Metazoa	--type	DNA	--ver	ASM49940v2	--pub		Onchocerca	volvulus
./bin/plant	--populate	--user	test	--pass	test	--db	cider	--fasta	Orchesella_cincta.ASM171814v1.pep.all.fa	--taxid	48709	--source	Ensembl,Metazoa	--type	DNA	--ver	ASM171814v1	--pub		Orchesella	cincta
./bin/plant	--populate	--user	test	--pass	test	--db	cider	--fasta	Pediculus_humanus.PhumU2.pep.all.fa	--taxid	121224	--source	Ensembl,Metazoa	--type	DNA	--ver	PhumU2	--pub		Pediculus	humanus
./bin/plant	--populate	--user	test	--pass	test	--db	cider	--fasta	Pristionchus_pacificus.El_Paco.pep.all.fa	--taxid	54126	--source	Ensembl,Metazoa	--type	DNA	--ver	El_Paco	--pub		Pristionchus	pacificus
./bin/plant	--populate	--user	test	--pass	test	--db	cider	--fasta	Rhodnius_prolixus.RproC3.pep.all.fa	--taxid	13249	--source	Ensembl,Metazoa	--type	DNA	--ver	RproC3	--pub		Rhodnius	prolixus
./bin/plant	--populate	--user	test	--pass	test	--db	cider	--fasta	Sarcoptes_scabiei.SscaA1.pep.all.fa	--taxid	52283	--source	Ensembl,Metazoa	--type	DNA	--ver	SscaA1	--pub		Sarcoptes	scabiei
./bin/plant	--populate	--user	test	--pass	test	--db	cider	--fasta	Schistosoma_mansoni.ASM23792v2.pep.all.fa	--taxid	6183	--source	Ensembl,Metazoa	--type	DNA	--ver	ASM23792v2	--pub		Schistosoma	mansoni
./bin/plant	--populate	--user	test	--pass	test	--db	cider	--fasta	Solenopsis_invicta.Si_gnG.pep.all.fa	--taxid	13686	--source	Ensembl,Metazoa	--type	DNA	--ver	Si_gnG	--pub		Solenopsis	invicta
./bin/plant	--populate	--user	test	--pass	test	--db	cider	--fasta	Stegodyphus_mimosarum.Stegodyphus_mimosarum_v1.pep.all.fa	--taxid	407821	--source	Ensembl,Metazoa	--type	DNA	--ver	Stegodyphus_mimosarum_v1	--pub		Stegodyphus	mimosarum
./bin/plant	--populate	--user	test	--pass	test	--db	cider	--fasta	Strigamia_maritima.Smar1.pep.all.fa	--taxid	126957	--source	Ensembl,Metazoa	--type	DNA	--ver	Smar1	--pub		Strigamia	maritima
./bin/plant	--populate	--user	test	--pass	test	--db	cider	--fasta	Strongylocentrotus_purpuratus.Spur_3.1.pep.all.fa	--taxid	7668	--source	Ensembl,Metazoa	--type	DNA	--ver	Spur_3.1	--pub		Strongylocentrotus	purpuratus
./bin/plant	--populate	--user	test	--pass	test	--db	cider	--fasta	Strongyloides_ratti.S_ratti_ED321_v5_0_4.pep.all.fa	--taxid	34506	--source	Ensembl,Metazoa	--type	DNA	--ver	S_ratti_ED321_v5_0_4	--pub		Strongyloides	ratti
./bin/plant	--populate	--user	test	--pass	test	--db	cider	--fasta	Teleopsis_dalmanni.Tel_dalmanni_2A_v1.0.pep.all.fa	--taxid	139649	--source	Ensembl,Metazoa	--type	DNA	--ver	Tel_dalmanni_2A_v1.0	--pub		Teleopsis	dalmanni
./bin/plant	--populate	--user	test	--pass	test	--db	cider	--fasta	Tetranychus_urticae.ASM23943v1.pep.all.fa	--taxid	32264	--source	Ensembl,Metazoa	--type	DNA	--ver	ASM23943v1	--pub		Tetranychus	urticae
./bin/plant	--populate	--user	test	--pass	test	--db	cider	--fasta	Thelohanellus_kitauei.ASM82789v1.pep.all.fa	--taxid	669202	--source	Ensembl,Metazoa	--type	DNA	--ver	ASM82789v1	--pub		Thelohanellus	kitauei
./bin/plant	--populate	--user	test	--pass	test	--db	cider	--fasta	Tribolium_castaneum.Tcas5.2.pep.all.fa	--taxid	7070	--source	Ensembl,Metazoa	--type	DNA	--ver	Tcas5.2	--pub		Tribolium	castaneum
./bin/plant	--populate	--user	test	--pass	test	--db	cider	--fasta	Trichinella_spiralis.Tspiralis1.pep.all.fa	--taxid	6334	--source	Ensembl,Metazoa	--type	DNA	--ver	Tspiralis1	--pub		Trichinella	spiralis
./bin/plant	--populate	--user	test	--pass	test	--db	cider	--fasta	Trichoplax_adhaerens.ASM15027v1.pep.all.fa	--taxid	10228	--source	Ensembl,Metazoa	--type	DNA	--ver	ASM15027v1	--pub		Trichoplax	adhaerens
./bin/plant	--populate	--user	test	--pass	test	--db	cider	--fasta	Zootermopsis_nevadensis.ZooNev1.0.pep.all.fa	--taxid	136037	--source	Ensembl,Metazoa	--type	DNA	--ver	ZooNev1.0	--pub		Zootermopsis	nevadensis
./bin/plant	--populate	--user	test	--pass	test	--db	cider	--fasta	Acanthochromis_polyacanthus.ASM210954v1.pep.all.fa	--taxid	80966	--source	Ensembl,V97	--type	DNA	--ver	ASM210954v1	--pub		Acanthochromis	polyacanthus
./bin/plant	--populate	--user	test	--pass	test	--db	cider	--fasta	Ailuropoda_melanoleuca.ailMel1.pep.all.fa	--taxid	9646	--source	Ensembl,V97	--type	DNA	--ver	ailMel1	--pub		Ailuropoda	melanoleuca
./bin/plant	--populate	--user	test	--pass	test	--db	cider	--fasta	Amphilophus_citrinellus.Midas_v5.pep.all.fa	--taxid	61819	--source	Ensembl,V97	--type	DNA	--ver	Midas_v5	--pub		Amphilophus	citrinellus
./bin/plant	--populate	--user	test	--pass	test	--db	cider	--fasta	Amphiprion_ocellaris.AmpOce1.0.pep.all.fa	--taxid	80972	--source	Ensembl,V97	--type	DNA	--ver	AmpOce1.0	--pub		Amphiprion	ocellaris
./bin/plant	--populate	--user	test	--pass	test	--db	cider	--fasta	Amphiprion_percula.Nemo_v1.pep.all.fa	--taxid	161767	--source	Ensembl,V97	--type	DNA	--ver	Nemo_v1	--pub		Amphiprion	percula
./bin/plant	--populate	--user	test	--pass	test	--db	cider	--fasta	Anabas_testudineus.fAnaTes1.1.pep.all.fa	--taxid	64144	--source	Ensembl,V97	--type	DNA	--ver	fAnaTes1.1	--pub		Anabas	testudineus
./bin/plant	--populate	--user	test	--pass	test	--db	cider	--fasta	Anas_platyrhynchos_platyrhynchos.CAU_duck1.0.pep.all.fa	--taxid	8839	--source	Ensembl,V97	--type	DNA	--ver	CAU_duck1.0	--pub		Anas	platyrhynchos
./bin/plant	--populate	--user	test	--pass	test	--db	cider	--fasta	Anolis_carolinensis.AnoCar2.0.pep.all.fa	--taxid	28377	--source	Ensembl,V97	--type	DNA	--ver	AnoCar2.0	--pub		Anolis	carolinensis
./bin/plant	--populate	--user	test	--pass	test	--db	cider	--fasta	Anser_brachyrhynchus.ASM259213v1.pep.all.fa	--taxid	132585	--source	Ensembl,V97	--type	DNA	--ver	ASM259213v1	--pub		Anser	brachyrhynchus
./bin/plant	--populate	--user	test	--pass	test	--db	cider	--fasta	Aotus_nancymaae.Anan_2.0.pep.all.fa	--taxid	37293	--source	Ensembl,V97	--type	DNA	--ver	Anan_2.0	--pub		Aotus	nancymaae
./bin/plant	--populate	--user	test	--pass	test	--db	cider	--fasta	Apteryx_haastii.aptHaa1.pep.all.fa	--taxid	8823	--source	Ensembl,V97	--type	DNA	--ver	aptHaa1	--pub		Apteryx	haastii
./bin/plant	--populate	--user	test	--pass	test	--db	cider	--fasta	Apteryx_owenii.aptOwe1.pep.all.fa	--taxid	8824	--source	Ensembl,V97	--type	DNA	--ver	aptOwe1	--pub		Apteryx	owenii
./bin/plant	--populate	--user	test	--pass	test	--db	cider	--fasta	Apteryx_rowi.aptRow1.pep.all.fa	--taxid	308060	--source	Ensembl,V97	--type	DNA	--ver	aptRow1	--pub		Apteryx	rowi
./bin/plant	--populate	--user	test	--pass	test	--db	cider	--fasta	Astatotilapia_calliptera.fAstCal1.2.pep.all.fa	--taxid	8154	--source	Ensembl,V97	--type	DNA	--ver	fAstCal1.2	--pub		Astatotilapia	calliptera
./bin/plant	--populate	--user	test	--pass	test	--db	cider	--fasta	Astyanax_mexicanus.Astyanax_mexicanus-2.0.pep.all.fa	--taxid	7994	--source	Ensembl,V97	--type	DNA	--ver	Astyanax_mexicanus-2.0	--pub		Astyanax	mexicanus
./bin/plant	--populate	--user	test	--pass	test	--db	cider	--fasta	Bison_bison_bison.Bison_UMD1.0.pep.all.fa	--taxid	43346	--source	Ensembl,V97	--type	DNA	--ver	Bison_UMD1.0	--pub		Bison	bison
./bin/plant	--populate	--user	test	--pass	test	--db	cider	--fasta	Bos_indicus_hybrid.UOA_Brahman_1.pep.all.fa	--taxid	30522	--source	Ensembl,V97	--type	DNA	--ver	UOA_Angus_1	--pub		Bos	indicus
./bin/plant	--populate	--user	test	--pass	test	--db	cider	--fasta	Bos_mutus.BosGru_v2.0.pep.all.fa	--taxid	72004	--source	Ensembl,V97	--type	DNA	--ver	BosGru_v2.0	--pub		Bos	mutus
./bin/plant	--populate	--user	test	--pass	test	--db	cider	--fasta	Bos_taurus.ARS-UCD1.2.pep.all.fa	--taxid	9913	--source	Ensembl,V97	--type	DNA	--ver	ARS-UCD1.2	--pub		Bos	taurus
./bin/plant	--populate	--user	test	--pass	test	--db	cider	--fasta	Calidris_pugnax.ASM143184v1.pep.all.fa	--taxid	198806	--source	Ensembl,V97	--type	DNA	--ver	ASM143184v1	--pub		Calidris	pugnax
./bin/plant	--populate	--user	test	--pass	test	--db	cider	--fasta	Calidris_pygmaea.ASM369795v1.pep.all.fa	--taxid	425635	--source	Ensembl,V97	--type	DNA	--ver	ASM369795v1	--pub		Calidris	pygmaea
./bin/plant	--populate	--user	test	--pass	test	--db	cider	--fasta	Callithrix_jacchus.ASM275486v1.pep.all.fa	--taxid	9483	--source	Ensembl,V97	--type	DNA	--ver	ASM275486v1	--pub		Callithrix	jacchus
./bin/plant	--populate	--user	test	--pass	test	--db	cider	--fasta	Callorhinchus_milii.Callorhinchus_milii-6.1.3.pep.all.fa	--taxid	7868	--source	Ensembl,V97	--type	DNA	--ver	Callorhinchus_milii-6.1.3	--pub		Callorhinchus	milii
./bin/plant	--populate	--user	test	--pass	test	--db	cider	--fasta	Canis_familiaris.CanFam3.1.pep.all.fa	--taxid	9615	--source	Ensembl,V97	--type	DNA	--ver	ASM325472v1	--pub		Canis	lupus
./bin/plant	--populate	--user	test	--pass	test	--db	cider	--fasta	Canis_lupus_dingo.ASM325472v1.pep.all.fa	--taxid	9615	--source	Ensembl,V97	--type	DNA	--ver	CanFam3.1	--pub		Canis	lupus
./bin/plant	--populate	--user	test	--pass	test	--db	cider	--fasta	Capra_hircus.ARS1.pep.all.fa	--taxid	9925	--source	Ensembl,V97	--type	DNA	--ver	ARS1	--pub		Capra	hircus
./bin/plant	--populate	--user	test	--pass	test	--db	cider	--fasta	Carlito_syrichta.Tarsius_syrichta-2.0.1.pep.all.fa	--taxid	1868482	--source	Ensembl,V97	--type	DNA	--ver	Tarsius_syrichta-2.0.1	--pub		Carlito	syrichta
./bin/plant	--populate	--user	test	--pass	test	--db	cider	--fasta	Castor_canadensis.C.can_genome_v1.0.pep.all.fa	--taxid	51338	--source	Ensembl,V97	--type	DNA	--ver	C.can_genome_v1.0	--pub		Castor	canadensis
./bin/plant	--populate	--user	test	--pass	test	--db	cider	--fasta	Cavia_aperea.CavAp1.0.pep.all.fa	--taxid	37548	--source	Ensembl,V97	--type	DNA	--ver	CavAp1.0	--pub		Cavia	aperea
./bin/plant	--populate	--user	test	--pass	test	--db	cider	--fasta	Cavia_porcellus.Cavpor3.0.pep.all.fa	--taxid	10141	--source	Ensembl,V97	--type	DNA	--ver	Cavpor3.0	--pub		Cavia	porcellus
./bin/plant	--populate	--user	test	--pass	test	--db	cider	--fasta	Cebus_capucinus.Cebus_imitator-1.0.pep.all.fa	--taxid	1737458	--source	Ensembl,V97	--type	DNA	--ver	Cebus_imitator-1.0	--pub		Cebus	capucinus
./bin/plant	--populate	--user	test	--pass	test	--db	cider	--fasta	Cercocebus_atys.Caty_1.0.pep.all.fa	--taxid	9531	--source	Ensembl,V97	--type	DNA	--ver	Caty_1.0	--pub		Cercocebus	atys
./bin/plant	--populate	--user	test	--pass	test	--db	cider	--fasta	Chelonoidis_abingdonii.ASM359739v1.pep.all.fa	--taxid	106734	--source	Ensembl,V97	--type	DNA	--ver	ASM359739v1	--pub		Chelonoidis	abingdonii
./bin/plant	--populate	--user	test	--pass	test	--db	cider	--fasta	Chinchilla_lanigera.ChiLan1.0.pep.all.fa	--taxid	34839	--source	Ensembl,V97	--type	DNA	--ver	ChiLan1.0	--pub		Chinchilla	lanigera
./bin/plant	--populate	--user	test	--pass	test	--db	cider	--fasta	Chlorocebus_sabaeus.ChlSab1.1.pep.all.fa	--taxid	60711	--source	Ensembl,V97	--type	DNA	--ver	ChlSab1.1	--pub		Chlorocebus	sabaeus
./bin/plant	--populate	--user	test	--pass	test	--db	cider	--fasta	Choloepus_hoffmanni.choHof1.pep.all.fa	--taxid	9358	--source	Ensembl,V97	--type	DNA	--ver	choHof1	--pub		Choloepus	hoffmanni
./bin/plant	--populate	--user	test	--pass	test	--db	cider	--fasta	Chrysemys_picta_bellii.Chrysemys_picta_bellii-3.0.3.pep.all.fa	--taxid	8478	--source	Ensembl,V97	--type	DNA	--ver	Chrysemys_picta_bellii-3.0.3	--pub		Chrysemys	picta
./bin/plant	--populate	--user	test	--pass	test	--db	cider	--fasta	Ciona_intestinalis.KH.pep.all.fa	--taxid	7719	--source	Ensembl,V97	--type	DNA	--ver	KH	--pub		Ciona	intestinalis
./bin/plant	--populate	--user	test	--pass	test	--db	cider	--fasta	Ciona_savignyi.CSAV2.0.pep.all.fa	--taxid	51511	--source	Ensembl,V97	--type	DNA	--ver	CSAV 2.0	--pub		Ciona	savignyi
./bin/plant	--populate	--user	test	--pass	test	--db	cider	--fasta	Colobus_angolensis_palliatus.Cang.pa_1.0.pep.all.fa	--taxid	336983	--source	Ensembl,V97	--type	DNA	--ver	Cang.pa_1.0	--pub		Colobus	angolensis
./bin/plant	--populate	--user	test	--pass	test	--db	cider	--fasta	Coturnix_japonica.Coturnix_japonica_2.0.pep.all.fa	--taxid	93934	--source	Ensembl,V97	--type	DNA	--ver	Coturnix_japonica_2.0	--pub		Coturnix	japonica
./bin/plant	--populate	--user	test	--pass	test	--db	cider	--fasta	Cricetulus_griseus_crigri.CriGri_1.0.pep.all.fa	--taxid	10029	--source	Ensembl,V97	--type	DNA	--ver	CHOK1GS_HDv1	--pub		Cricetulus	griseus
./bin/plant	--populate	--user	test	--pass	test	--db	cider	--fasta	Cricetulus_griseus_crigri.CriGri_1.0.pep.all.fa	--taxid	10029	--source	Ensembl,V97	--type	DNA	--ver	CriGri_1.0	--pub		Cricetulus	griseus
./bin/plant	--populate	--user	test	--pass	test	--db	cider	--fasta	Crocodylus_porosus.CroPor_comp1.pep.all.fa	--taxid	8502	--source	Ensembl,V97	--type	DNA	--ver	CroPor_comp1	--pub		Crocodylus	porosus
./bin/plant	--populate	--user	test	--pass	test	--db	cider	--fasta	Cyanistes_caeruleus.cyaCae2.pep.all.fa	--taxid	156563	--source	Ensembl,V97	--type	DNA	--ver	cyaCae2	--pub		Cyanistes	caeruleus
./bin/plant	--populate	--user	test	--pass	test	--db	cider	--fasta	Cynoglossus_semilaevis.Cse_v1.0.pep.all.fa	--taxid	244447	--source	Ensembl,V97	--type	DNA	--ver	Cse_v1.0	--pub		Cynoglossus	semilaevis
./bin/plant	--populate	--user	test	--pass	test	--db	cider	--fasta	Cyprinodon_variegatus.C_variegatus-1.0.pep.all.fa	--taxid	28743	--source	Ensembl,V97	--type	DNA	--ver	C_variegatus-1.0	--pub		Cyprinodon	variegatus
./bin/plant	--populate	--user	test	--pass	test	--db	cider	--fasta	Danio_rerio.GRCz11.pep.all.fa	--taxid	7955	--source	Ensembl,V97	--type	DNA	--ver	GRCz11	--pub		Danio	rerio
./bin/plant	--populate	--user	test	--pass	test	--db	cider	--fasta	Dasypus_novemcinctus.Dasnov3.0.pep.all.fa	--taxid	9361	--source	Ensembl,V97	--type	DNA	--ver	Dasnov3.0	--pub		Dasypus	novemcinctus
./bin/plant	--populate	--user	test	--pass	test	--db	cider	--fasta	Dipodomys_ordii.Dord_2.0.pep.all.fa	--taxid	10020	--source	Ensembl,V97	--type	DNA	--ver	Dord_2.0	--pub		Dipodomys	ordii
./bin/plant	--populate	--user	test	--pass	test	--db	cider	--fasta	Dromaius_novaehollandiae.droNov1.pep.all.fa	--taxid	8790	--source	Ensembl,V97	--type	DNA	--ver	droNov1	--pub		Dromaius	novaehollandiae
./bin/plant	--populate	--user	test	--pass	test	--db	cider	--fasta	Echinops_telfairi.TENREC.pep.all.fa	--taxid	9371	--source	Ensembl,V97	--type	DNA	--ver	TENREC	--pub		Echinops	telfairi
./bin/plant	--populate	--user	test	--pass	test	--db	cider	--fasta	Electrophorus_electricus.Ee_SOAP_WITH_SSPACE.pep.all.fa	--taxid	8005	--source	Ensembl,V97	--type	DNA	--ver	Ee_SOAP_WITH_SSPACE	--pub		Electrophorus	electricus
./bin/plant	--populate	--user	test	--pass	test	--db	cider	--fasta	Eptatretus_burgeri.Eburgeri_3.2.pep.all.fa	--taxid	7764	--source	Ensembl,V97	--type	DNA	--ver	Eburgeri_3.2	--pub		Eptatretus	burgeri
./bin/plant	--populate	--user	test	--pass	test	--db	cider	--fasta	Equus_asinus_asinus.ASM303372v1.pep.all.fa	--taxid	83772	--source	Ensembl,V97	--type	DNA	--ver	ASM303372v1	--pub		Equus	asinus
./bin/plant	--populate	--user	test	--pass	test	--db	cider	--fasta	Equus_caballus.EquCab3.0.pep.all.fa	--taxid	9796	--source	Ensembl,V97	--type	DNA	--ver	EquCab3.0	--pub		Equus	caballus
./bin/plant	--populate	--user	test	--pass	test	--db	cider	--fasta	Erinaceus_europaeus.HEDGEHOG.pep.all.fa	--taxid	9365	--source	Ensembl,V97	--type	DNA	--ver	eriEur1	--pub		Erinaceus	europaeus
./bin/plant	--populate	--user	test	--pass	test	--db	cider	--fasta	Esox_lucius.Eluc_V3.pep.all.fa	--taxid	8010	--source	Ensembl,V97	--type	DNA	--ver	Eluc_V3	--pub		Esox	lucius
./bin/plant	--populate	--user	test	--pass	test	--db	cider	--fasta	Felis_catus.Felis_catus_9.0.pep.all.fa	--taxid	9685	--source	Ensembl,V97	--type	DNA	--ver	Felis_catus_9.0	--pub		Felis	catus
./bin/plant	--populate	--user	test	--pass	test	--db	cider	--fasta	Ficedula_albicollis.FicAlb_1.4.pep.all.fa	--taxid	59894	--source	Ensembl,V97	--type	DNA	--ver	FicAlb_1.4	--pub		Ficedula	albicollis
./bin/plant	--populate	--user	test	--pass	test	--db	cider	--fasta	Fukomys_damarensis.DMR_v1.0.pep.all.fa	--taxid	885580	--source	Ensembl,V97	--type	DNA	--ver	DMR_v1.0	--pub		Fukomys	damarensis
./bin/plant	--populate	--user	test	--pass	test	--db	cider	--fasta	Fundulus_heteroclitus.Fundulus_heteroclitus-3.0.2.pep.all.fa	--taxid	8078	--source	Ensembl,V97	--type	DNA	--ver	Fundulus_heteroclitus-3.0.2	--pub		Fundulus	heteroclitus
./bin/plant	--populate	--user	test	--pass	test	--db	cider	--fasta	Gadus_morhua.gadMor1.pep.all.fa	--taxid	8049	--source	Ensembl,V97	--type	DNA	--ver	gadMor1	--pub		Gadus	morhua
./bin/plant	--populate	--user	test	--pass	test	--db	cider	--fasta	Gallus_gallus.GRCg6a.pep.all.fa	--taxid	9031	--source	Ensembl,V97	--type	DNA	--ver	GRCg6a	--pub		Gallus	gallus
./bin/plant	--populate	--user	test	--pass	test	--db	cider	--fasta	Gambusia_affinis.ASM309773v1.pep.all.fa	--taxid	33528	--source	Ensembl,V97	--type	DNA	--ver	ASM309773v1	--pub		Gambusia	affinis
./bin/plant	--populate	--user	test	--pass	test	--db	cider	--fasta	Gasterosteus_aculeatus.BROADS1.pep.all.fa	--taxid	69293	--source	Ensembl,V97	--type	DNA	--ver	BROAD S1	--pub		Gasterosteus	aculeatus
./bin/plant	--populate	--user	test	--pass	test	--db	cider	--fasta	Gopherus_agassizii.ASM289641v1.pep.all.fa	--taxid	38772	--source	Ensembl,V97	--type	DNA	--ver	ASM289641v1	--pub		Gopherus	agassizii
./bin/plant	--populate	--user	test	--pass	test	--db	cider	--fasta	Gorilla_gorilla.gorGor4.pep.all.fa	--taxid	9595	--source	Ensembl,V97	--type	DNA	--ver	gorGor4	--pub		Gorilla	gorilla
./bin/plant	--populate	--user	test	--pass	test	--db	cider	--fasta	Haplochromis_burtoni.AstBur1.0.pep.all.fa	--taxid	8153	--source	Ensembl,V97	--type	DNA	--ver	AstBur1.0	--pub		Haplochromis	burtoni
./bin/plant	--populate	--user	test	--pass	test	--db	cider	--fasta	Heterocephalus_glaber_female.HetGla_female_1.0.pep.all.fa	--taxid	10181	--source	Ensembl,V97	--type	DNA	--ver	HetGla_female_1.0	--pub		Heterocephalus	glaber
./bin/plant	--populate	--user	test	--pass	test	--db	cider	--fasta	Hippocampus_comes.H_comes_QL1_v1.pep.all.fa	--taxid	109280	--source	Ensembl,V97	--type	DNA	--ver	H_comes_QL1_v1	--pub		Hippocampus	comes
./bin/plant	--populate	--user	test	--pass	test	--db	cider	--fasta	Homo_sapiens.GRCh38.pep.all.fa	--taxid	9606	--source	Ensembl,V97	--type	DNA	--ver	GRCh38.p12	--pub		Homo	sapiens
./bin/plant	--populate	--user	test	--pass	test	--db	cider	--fasta	Hucho_hucho.ASM331708v1.pep.all.fa	--taxid	62062	--source	Ensembl,V97	--type	DNA	--ver	ASM331708v1	--pub		Hucho	hucho
./bin/plant	--populate	--user	test	--pass	test	--db	cider	--fasta	Ictalurus_punctatus.IpCoco_1.2.pep.all.fa	--taxid	7998	--source	Ensembl,V97	--type	DNA	--ver	IpCoco_1.2	--pub		Ictalurus	punctatus
./bin/plant	--populate	--user	test	--pass	test	--db	cider	--fasta	Ictidomys_tridecemlineatus.SpeTri2.0.pep.all.fa	--taxid	43179	--source	Ensembl,V97	--type	DNA	--ver	SpeTri2.0	--pub		Ictidomys	tridecemlineatus
./bin/plant	--populate	--user	test	--pass	test	--db	cider	--fasta	Jaculus_jaculus.JacJac1.0.pep.all.fa	--taxid	51337	--source	Ensembl,V97	--type	DNA	--ver	JacJac1.0	--pub		Jaculus	jaculus
./bin/plant	--populate	--user	test	--pass	test	--db	cider	--fasta	Junco_hyemalis.ASM382977v1.pep.all.fa	--taxid	40217	--source	Ensembl,V97	--type	DNA	--ver	ASM382977v1	--pub		Junco	hyemalis
./bin/plant	--populate	--user	test	--pass	test	--db	cider	--fasta	Kryptolebias_marmoratus.ASM164957v1.pep.all.fa	--taxid	37003	--source	Ensembl,V97	--type	DNA	--ver	ASM164957v1	--pub		Kryptolebias	marmoratus
./bin/plant	--populate	--user	test	--pass	test	--db	cider	--fasta	Labrus_bergylta.BallGen_V1.pep.all.fa	--taxid	56723	--source	Ensembl,V97	--type	DNA	--ver	BallGen_V1	--pub		Labrus	bergylta
./bin/plant	--populate	--user	test	--pass	test	--db	cider	--fasta	Lates_calcarifer.ASB_HGAPassembly_v1.pep.all.fa	--taxid	8187	--source	Ensembl,V97	--type	DNA	--ver	ASB_HGAPassembly_v1	--pub		Lates	calcarifer
./bin/plant	--populate	--user	test	--pass	test	--db	cider	--fasta	Latimeria_chalumnae.LatCha1.pep.all.fa	--taxid	7897	--source	Ensembl,V97	--type	DNA	--ver	LatCha1	--pub		Latimeria	chalumnae
./bin/plant	--populate	--user	test	--pass	test	--db	cider	--fasta	Lepidothrix_coronata.Lepidothrix_coronata-1.0.pep.all.fa	--taxid	321398	--source	Ensembl,V97	--type	DNA	--ver	Lepidothrix_coronata-1.0	--pub		Lepidothrix	coronata
./bin/plant	--populate	--user	test	--pass	test	--db	cider	--fasta	Lepisosteus_oculatus.LepOcu1.pep.all.fa	--taxid	7918	--source	Ensembl,V97	--type	DNA	--ver	LepOcu1	--pub		Lepisosteus	oculatus
./bin/plant	--populate	--user	test	--pass	test	--db	cider	--fasta	Lonchura_striata_domestica.LonStrDom1.pep.all.fa	--taxid	299123	--source	Ensembl,V97	--type	DNA	--ver	LonStrDom1	--pub		Lonchura	striata
./bin/plant	--populate	--user	test	--pass	test	--db	cider	--fasta	Loxodonta_africana.loxAfr3.pep.all.fa	--taxid	9785	--source	Ensembl,V97	--type	DNA	--ver	Loxafr3.0	--pub		Loxodonta	africana
./bin/plant	--populate	--user	test	--pass	test	--db	cider	--fasta	Macaca_fascicularis.Macaca_fascicularis_5.0.pep.all.fa	--taxid	9541	--source	Ensembl,V97	--type	DNA	--ver	Macaca_fascicularis_5.0	--pub		Macaca	fascicularis
./bin/plant	--populate	--user	test	--pass	test	--db	cider	--fasta	Macaca_mulatta.Mmul_8.0.1.pep.all.fa	--taxid	9544	--source	Ensembl,V97	--type	DNA	--ver	Mmul_8.0.1	--pub		Macaca	mulatta
./bin/plant	--populate	--user	test	--pass	test	--db	cider	--fasta	Macaca_nemestrina.Mnem_1.0.pep.all.fa	--taxid	9545	--source	Ensembl,V97	--type	DNA	--ver	Mnem_1.0	--pub		Macaca	nemestrina
./bin/plant	--populate	--user	test	--pass	test	--db	cider	--fasta	Manacus_vitellinus.ASM171598v2.pep.all.fa	--taxid	328815	--source	Ensembl,V97	--type	DNA	--ver	ASM171598v2	--pub		Manacus	vitellinus
./bin/plant	--populate	--user	test	--pass	test	--db	cider	--fasta	Mandrillus_leucophaeus.Mleu.le_1.0.pep.all.fa	--taxid	9568	--source	Ensembl,V97	--type	DNA	--ver	Mleu.le_1.0	--pub		Mandrillus	leucophaeus
./bin/plant	--populate	--user	test	--pass	test	--db	cider	--fasta	Marmota_marmota_marmota.marMar2.1.pep.all.fa	--taxid	9994	--source	Ensembl,V97	--type	DNA	--ver	marMar2.1	--pub		Marmota	marmota
./bin/plant	--populate	--user	test	--pass	test	--db	cider	--fasta	Mastacembelus_armatus.fMasArm1.1.pep.all.fa	--taxid	205130	--source	Ensembl,V97	--type	DNA	--ver	fMasArm1.1	--pub		Mastacembelus	armatus
./bin/plant	--populate	--user	test	--pass	test	--db	cider	--fasta	Maylandia_zebra.M_zebra_UMD2a.pep.all.fa	--taxid	106582	--source	Ensembl,V97	--type	DNA	--ver	M_zebra_UMD2a	--pub		Maylandia	zebra
./bin/plant	--populate	--user	test	--pass	test	--db	cider	--fasta	Meleagris_gallopavo.Turkey_2.01.pep.all.fa	--taxid	9103	--source	Ensembl,V97	--type	DNA	--ver	Turkey_2.01	--pub		Meleagris	gallopavo
./bin/plant	--populate	--user	test	--pass	test	--db	cider	--fasta	Melopsittacus_undulatus.Melopsittacus_undulatus_6.3.pep.all.fa	--taxid	13146	--source	Ensembl,V97	--type	DNA	--ver	Melopsittacus_undulatus_6.3	--pub		Melopsittacus	undulatus
./bin/plant	--populate	--user	test	--pass	test	--db	cider	--fasta	Meriones_unguiculatus.MunDraft-v1.0.pep.all.fa	--taxid	10047	--source	Ensembl,V97	--type	DNA	--ver	MunDraft-v1.0	--pub		Meriones	unguiculatus
./bin/plant	--populate	--user	test	--pass	test	--db	cider	--fasta	Mesocricetus_auratus.MesAur1.0.pep.all.fa	--taxid	10036	--source	Ensembl,V97	--type	DNA	--ver	MesAur1.0	--pub		Mesocricetus	auratus
./bin/plant	--populate	--user	test	--pass	test	--db	cider	--fasta	Microcebus_murinus.Mmur_3.0.pep.all.fa	--taxid	30608	--source	Ensembl,V97	--type	DNA	--ver	Mmur_3.0	--pub		Microcebus	murinus
./bin/plant	--populate	--user	test	--pass	test	--db	cider	--fasta	Microtus_ochrogaster.MicOch1.0.pep.all.fa	--taxid	79684	--source	Ensembl,V97	--type	DNA	--ver	MicOch1.0	--pub		Microtus	ochrogaster
./bin/plant	--populate	--user	test	--pass	test	--db	cider	--fasta	Mola_mola.ASM169857v1.pep.all.fa	--taxid	94237	--source	Ensembl,V97	--type	DNA	--ver	ASM169857v1	--pub		Mola	mola
./bin/plant	--populate	--user	test	--pass	test	--db	cider	--fasta	Monodelphis_domestica.monDom5.pep.all.fa	--taxid	13616	--source	Ensembl,V97	--type	DNA	--ver	monDom5	--pub		Monodelphis	domestica
./bin/plant	--populate	--user	test	--pass	test	--db	cider	--fasta	Monopterus_albus.M_albus_1.0.pep.all.fa	--taxid	43700	--source	Ensembl,V97	--type	DNA	--ver	M_albus_1.0	--pub		Monopterus	albus
./bin/plant	--populate	--user	test	--pass	test	--db	cider	--fasta	Mus_caroli.CAROLI_EIJ_v1.1.pep.all.fa	--taxid	10089	--source	Ensembl,V97	--type	DNA	--ver	CAROLI_EIJ_v1.1	--pub		Mus	caroli
./bin/plant	--populate	--user	test	--pass	test	--db	cider	--fasta	Mus_musculus.GRCm38.pep.all.fa	--taxid	10090	--source	Ensembl,V97	--type	DNA	--ver	GRCm38.p6	--pub		Mus	musculus
./bin/plant	--populate	--user	test	--pass	test	--db	cider	--fasta	Mus_pahari.PAHARI_EIJ_v1.1.pep.all.fa	--taxid	10093	--source	Ensembl,V97	--type	DNA	--ver	PAHARI_EIJ_v1.1	--pub		Mus	pahari
./bin/plant	--populate	--user	test	--pass	test	--db	cider	--fasta	Mus_spretus.SPRET_EiJ_v1.pep.all.fa	--taxid	10096	--source	Ensembl,V97	--type	DNA	--ver	SPRET_EiJ_v1	--pub		Mus	spretus
./bin/plant	--populate	--user	test	--pass	test	--db	cider	--fasta	Mustela_putorius_furo.MusPutFur1.0.pep.all.fa	--taxid	9669	--source	Ensembl,V97	--type	DNA	--ver	MusPutFur1.0	--pub		Mustela	putorius
./bin/plant	--populate	--user	test	--pass	test	--db	cider	--fasta	Myotis_lucifugus.Myoluc2.0.pep.all.fa	--taxid	59463	--source	Ensembl,V97	--type	DNA	--ver	Myoluc2.0	--pub		Myotis	lucifugus
./bin/plant	--populate	--user	test	--pass	test	--db	cider	--fasta	Nannospalax_galili.S.galili_v1.0.pep.all.fa	--taxid	1026970	--source	Ensembl,V97	--type	DNA	--ver	S.galili_v1.0	--pub		Nannospalax	galili
./bin/plant	--populate	--user	test	--pass	test	--db	cider	--fasta	Neolamprologus_brichardi.NeoBri1.0.pep.all.fa	--taxid	32507	--source	Ensembl,V97	--type	DNA	--ver	NeoBri1.0	--pub		Neolamprologus	brichardi
./bin/plant	--populate	--user	test	--pass	test	--db	cider	--fasta	Neovison_vison.NNQGG.v01.pep.all.fa	--taxid	452646	--source	Ensembl,V97	--type	DNA	--ver	NNQGG.v01	--pub		Neovison	vison
./bin/plant	--populate	--user	test	--pass	test	--db	cider	--fasta	Nomascus_leucogenys.Nleu_3.0.pep.all.fa	--taxid	61853	--source	Ensembl,V97	--type	DNA	--ver	Nleu_3.0	--pub		Nomascus	leucogenys
./bin/plant	--populate	--user	test	--pass	test	--db	cider	--fasta	Notamacropus_eugenii.Meug_1.0.pep.all.fa	--taxid	9315	--source	Ensembl,V97	--type	DNA	--ver	Meug_1.0	--pub		Notamacropus	eugenii
./bin/plant	--populate	--user	test	--pass	test	--db	cider	--fasta	Notechis_scutatus.TS10Xv2-PRI.pep.all.fa	--taxid	8663	--source	Ensembl,V97	--type	DNA	--ver	TS10Xv2-PRI	--pub		Notechis	scutatus
./bin/plant	--populate	--user	test	--pass	test	--db	cider	--fasta	Nothoprocta_perdicaria.notPer1.pep.all.fa	--taxid	30464	--source	Ensembl,V97	--type	DNA	--ver	notPer1	--pub		Nothoprocta	perdicaria
./bin/plant	--populate	--user	test	--pass	test	--db	cider	--fasta	Numida_meleagris.NumMel1.0.pep.all.fa	--taxid	8996	--source	Ensembl,V97	--type	DNA	--ver	NumMel1.0	--pub		Numida	meleagris
./bin/plant	--populate	--user	test	--pass	test	--db	cider	--fasta	Ochotona_princeps.OchPri2.0-Ens.pep.all.fa	--taxid	9978	--source	Ensembl,V97	--type	DNA	--ver	OchPri2.0-Ens	--pub		Ochotona	princeps
./bin/plant	--populate	--user	test	--pass	test	--db	cider	--fasta	Octodon_degus.OctDeg1.0.pep.all.fa	--taxid	10160	--source	Ensembl,V97	--type	DNA	--ver	OctDeg1.0	--pub		Octodon	degus
./bin/plant	--populate	--user	test	--pass	test	--db	cider	--fasta	Oreochromis_niloticus.Orenil1.0.pep.all.fa	--taxid	8128	--source	Ensembl,V97	--type	DNA	--ver	Orenil1.0	--pub		Oreochromis	niloticus
./bin/plant	--populate	--user	test	--pass	test	--db	cider	--fasta	Ornithorhynchus_anatinus.OANA5.pep.all.fa	--taxid	9258	--source	Ensembl,V97	--type	DNA	--ver	OANA5	--pub		Ornithorhynchus	anatinus
./bin/plant	--populate	--user	test	--pass	test	--db	cider	--fasta	Oryctolagus_cuniculus.OryCun2.0.pep.all.fa	--taxid	9986	--source	Ensembl,V97	--type	DNA	--ver	OryCun2.0	--pub		Oryctolagus	cuniculus
./bin/plant	--populate	--user	test	--pass	test	--db	cider	--fasta	Oryzias_latipes.ASM223467v1.pep.all.fa	--taxid	8090	--source	Ensembl,V97	--type	DNA	--ver	ASM223467v1	--pub		Oryzias	latipes
./bin/plant	--populate	--user	test	--pass	test	--db	cider	--fasta	Oryzias_latipes_hni.ASM223471v1.pep.all.fa	--taxid	8090	--source	Ensembl,V97	--type	DNA	--ver	ASM223471v1	--pub		Oryzias	latipes
./bin/plant	--populate	--user	test	--pass	test	--db	cider	--fasta	Oryzias_melastigma.Om_v0.7.RACA.pep.all.fa	--taxid	30732	--source	Ensembl,V97	--type	DNA	--ver	Om_v0.7.RACA	--pub		Oryzias	melastigma
./bin/plant	--populate	--user	test	--pass	test	--db	cider	--fasta	Otolemur_garnettii.OtoGar3.pep.all.fa	--taxid	30611	--source	Ensembl,V97	--type	DNA	--ver	OtoGar3	--pub		Otolemur	garnettii
./bin/plant	--populate	--user	test	--pass	test	--db	cider	--fasta	Ovis_aries.Oar_v3.1.pep.all.fa	--taxid	9940	--source	Ensembl,V97	--type	DNA	--ver	Oar_v3.1	--pub		Ovis	aries
./bin/plant	--populate	--user	test	--pass	test	--db	cider	--fasta	Pan_paniscus.panpan1.1.pep.all.fa	--taxid	9597	--source	Ensembl,V97	--type	DNA	--ver	panpan1.1	--pub		Pan	paniscus
./bin/plant	--populate	--user	test	--pass	test	--db	cider	--fasta	Pan_troglodytes.Pan_tro_3.0.pep.all.fa	--taxid	9598	--source	Ensembl,V97	--type	DNA	--ver	Pan_tro_3.0	--pub		Pan	troglodytes
./bin/plant	--populate	--user	test	--pass	test	--db	cider	--fasta	Panthera_pardus.PanPar1.0.pep.all.fa	--taxid	9691	--source	Ensembl,V97	--type	DNA	--ver	PanPar1.0	--pub		Panthera	pardus
./bin/plant	--populate	--user	test	--pass	test	--db	cider	--fasta	Panthera_tigris_altaica.PanTig1.0.pep.all.fa	--taxid	74533	--source	Ensembl,V97	--type	DNA	--ver	PanTig1.0	--pub		Panthera	tigris
./bin/plant	--populate	--user	test	--pass	test	--db	cider	--fasta	Papio_anubis.Panu_3.0.pep.all.fa	--taxid	9555	--source	Ensembl,V97	--type	DNA	--ver	Panu_3.0	--pub		Papio	anubis
./bin/plant	--populate	--user	test	--pass	test	--db	cider	--fasta	Paramormyrops_kingsleyae.PKINGS_0.1.pep.all.fa	--taxid	1676925	--source	Ensembl,V97	--type	DNA	--ver	PKINGS_0.1	--pub		Paramormyrops	kingsleyae
./bin/plant	--populate	--user	test	--pass	test	--db	cider	--fasta	Parus_major.Parus_major1.1.pep.all.fa	--taxid	9157	--source	Ensembl,V97	--type	DNA	--ver	Parus_major1.1	--pub		Parus	major
./bin/plant	--populate	--user	test	--pass	test	--db	cider	--fasta	Pelodiscus_sinensis.PelSin_1.0.pep.all.fa	--taxid	13735	--source	Ensembl,V97	--type	DNA	--ver	PelSin_1.0	--pub		Pelodiscus	sinensis
./bin/plant	--populate	--user	test	--pass	test	--db	cider	--fasta	Periophthalmus_magnuspinnatus.PM.fa.pep.all.fa	--taxid	409849	--source	Ensembl,V97	--type	DNA	--ver	PM.fa	--pub		Periophthalmus	magnuspinnatus
./bin/plant	--populate	--user	test	--pass	test	--db	cider	--fasta	Peromyscus_maniculatus_bairdii.HU_Pman_2.1.pep.all.fa	--taxid	230844	--source	Ensembl,V97	--type	DNA	--ver	HU_Pman_2.1	--pub		Peromyscus	maniculatus
./bin/plant	--populate	--user	test	--pass	test	--db	cider	--fasta	Petromyzon_marinus.Pmarinus_7.0.pep.all.fa	--taxid	7757	--source	Ensembl,V97	--type	DNA	--ver	Pmarinus_7.0	--pub		Petromyzon	marinus
./bin/plant	--populate	--user	test	--pass	test	--db	cider	--fasta	Phascolarctos_cinereus.phaCin_unsw_v4.1.pep.all.fa	--taxid	38626	--source	Ensembl,V97	--type	DNA	--ver	phaCin_unsw_v4.1	--pub		Phascolarctos	cinereus
./bin/plant	--populate	--user	test	--pass	test	--db	cider	--fasta	Piliocolobus_tephrosceles.ASM277652v2.pep.all.fa	--taxid	591936	--source	Ensembl,V97	--type	DNA	--ver	ASM277652v2	--pub		Piliocolobus	tephrosceles
./bin/plant	--populate	--user	test	--pass	test	--db	cider	--fasta	Poecilia_formosa.PoeFor_5.1.2.pep.all.fa	--taxid	48698	--source	Ensembl,V97	--type	DNA	--ver	Poecilia_formosa-5.1.2	--pub		Poecilia	formosa
./bin/plant	--populate	--user	test	--pass	test	--db	cider	--fasta	Poecilia_latipinna.P_latipinna-1.0.pep.all.fa	--taxid	48699	--source	Ensembl,V97	--type	DNA	--ver	P_latipinna-1.0	--pub		Poecilia	latipinna
./bin/plant	--populate	--user	test	--pass	test	--db	cider	--fasta	Poecilia_mexicana.P_mexicana-1.0.pep.all.fa	--taxid	48701	--source	Ensembl,V97	--type	DNA	--ver	P_mexicana-1.0	--pub		Poecilia	mexicana
./bin/plant	--populate	--user	test	--pass	test	--db	cider	--fasta	Poecilia_reticulata.Guppy_female_1.0_MT.pep.all.fa	--taxid	8081	--source	Ensembl,V97	--type	DNA	--ver	Guppy_female_1.0_MT	--pub		Poecilia	reticulata
./bin/plant	--populate	--user	test	--pass	test	--db	cider	--fasta	Pogona_vitticeps.pvi1.1.pep.all.fa	--taxid	103695	--source	Ensembl,V97	--type	DNA	--ver	pvi1.1	--pub		Pogona	vitticeps
./bin/plant	--populate	--user	test	--pass	test	--db	cider	--fasta	Pongo_abelii.PPYG2.pep.all.fa	--taxid	9601	--source	Ensembl,V97	--type	DNA	--ver	PPYG2	--pub		Pongo	abelii
./bin/plant	--populate	--user	test	--pass	test	--db	cider	--fasta	Procavia_capensis.proCap1.pep.all.fa	--taxid	9813	--source	Ensembl,V97	--type	DNA	--ver	proCap1	--pub		Procavia	capensis
./bin/plant	--populate	--user	test	--pass	test	--db	cider	--fasta	Prolemur_simus.Prosim_1.0.pep.all.fa	--taxid	1328070	--source	Ensembl,V97	--type	DNA	--ver	Prosim_1.0	--pub		Prolemur	simus
./bin/plant	--populate	--user	test	--pass	test	--db	cider	--fasta	Propithecus_coquereli.Pcoq_1.0.pep.all.fa	--taxid	379532	--source	Ensembl,V97	--type	DNA	--ver	Pcoq_1.0	--pub		Propithecus	coquereli
./bin/plant	--populate	--user	test	--pass	test	--db	cider	--fasta	Pteropus_vampyrus.pteVam1.pep.all.fa	--taxid	132908	--source	Ensembl,V97	--type	DNA	--ver	pteVam1	--pub		Pteropus	vampyrus
./bin/plant	--populate	--user	test	--pass	test	--db	cider	--fasta	Pundamilia_nyererei.PunNye1.0.pep.all.fa	--taxid	303518	--source	Ensembl,V97	--type	DNA	--ver	PunNye1.0	--pub		Pundamilia	nyererei
./bin/plant	--populate	--user	test	--pass	test	--db	cider	--fasta	Pygocentrus_nattereri.Pygocentrus_nattereri-1.0.2.pep.all.fa	--taxid	42514	--source	Ensembl,V97	--type	DNA	--ver	Pygocentrus_nattereri-1.0.2	--pub		Pygocentrus	nattereri
./bin/plant	--populate	--user	test	--pass	test	--db	cider	--fasta	Rattus_norvegicus.Rnor_6.0.pep.all.fa	--taxid	10116	--source	Ensembl,V97	--type	DNA	--ver	Rnor_6.0	--pub		Rattus	norvegicus
./bin/plant	--populate	--user	test	--pass	test	--db	cider	--fasta	Rhinopithecus_bieti.ASM169854v1.pep.all.fa	--taxid	61621	--source	Ensembl,V97	--type	DNA	--ver	ASM169854v1	--pub		Rhinopithecus	bieti
./bin/plant	--populate	--user	test	--pass	test	--db	cider	--fasta	Rhinopithecus_roxellana.Rrox_v1.pep.all.fa	--taxid	61622	--source	Ensembl,V97	--type	DNA	--ver	Rrox_v1	--pub		Rhinopithecus	roxellana
./bin/plant	--populate	--user	test	--pass	test	--db	cider	--fasta	Saccharomyces_cerevisiae.R64-1-1.pep.all.fa	--taxid	4932	--source	Ensembl,V97	--type	DNA	--ver	R64-1-1	--pub		Saccharomyces	cerevisiae
./bin/plant	--populate	--user	test	--pass	test	--db	cider	--fasta	Saimiri_boliviensis_boliviensis.SaiBol1.0.pep.all.fa	--taxid	39432	--source	Ensembl,V97	--type	DNA	--ver	SaiBol1.0	--pub		Saimiri	boliviensis
./bin/plant	--populate	--user	test	--pass	test	--db	cider	--fasta	Salvator_merianae.HLtupMer3.pep.all.fa	--taxid	96440	--source	Ensembl,V97	--type	DNA	--ver	HLtupMer3	--pub		Salvator	merianae
./bin/plant	--populate	--user	test	--pass	test	--db	cider	--fasta	Sarcophilus_harrisii.DEVIL7.0.pep.all.fa	--taxid	9305	--source	Ensembl,V97	--type	DNA	--ver	Devil_ref v7.0	--pub		Sarcophilus	harrisii
./bin/plant	--populate	--user	test	--pass	test	--db	cider	--fasta	Scleropages_formosus.ASM162426v1.pep.all.fa	--taxid	113540	--source	Ensembl,V97	--type	DNA	--ver	ASM162426v1	--pub		Scleropages	formosus
./bin/plant	--populate	--user	test	--pass	test	--db	cider	--fasta	Scophthalmus_maximus.ASM318616v1.pep.all.fa	--taxid	52904	--source	Ensembl,V97	--type	DNA	--ver	ASM318616v1	--pub		Scophthalmus	maximus
./bin/plant	--populate	--user	test	--pass	test	--db	cider	--fasta	Serinus_canaria.SCA1.pep.all.fa	--taxid	9135	--source	Ensembl,V97	--type	DNA	--ver	SCA1	--pub		Serinus	canaria
./bin/plant	--populate	--user	test	--pass	test	--db	cider	--fasta	Seriola_dumerili.Sdu_1.0.pep.all.fa	--taxid	41447	--source	Ensembl,V97	--type	DNA	--ver	Sdu_1.0	--pub		Seriola	dumerili
./bin/plant	--populate	--user	test	--pass	test	--db	cider	--fasta	Seriola_lalandi_dorsalis.Sedor1.pep.all.fa	--taxid	1841481	--source	Ensembl,V97	--type	DNA	--ver	Sedor1	--pub		Seriola	lalandi
./bin/plant	--populate	--user	test	--pass	test	--db	cider	--fasta	Sorex_araneus.COMMON_SHREW1.pep.all.fa	--taxid	42254	--source	Ensembl,V97	--type	DNA	--ver	sorAra1	--pub		Sorex	araneus
./bin/plant	--populate	--user	test	--pass	test	--db	cider	--fasta	Spermophilus_dauricus.ASM240643v1.pep.all.fa	--taxid	99837	--source	Ensembl,V97	--type	DNA	--ver	ASM240643v1	--pub		Spermophilus	dauricus
./bin/plant	--populate	--user	test	--pass	test	--db	cider	--fasta	Sphenodon_punctatus.ASM311381v1.pep.all.fa	--taxid	8508	--source	Ensembl,V97	--type	DNA	--ver	ASM311381v1	--pub		Sphenodon	punctatus
./bin/plant	--populate	--user	test	--pass	test	--db	cider	--fasta	Stegastes_partitus.Stegastes_partitus-1.0.2.pep.all.fa	--taxid	144197	--source	Ensembl,V97	--type	DNA	--ver	Stegastes_partitus-1.0.2	--pub		Stegastes	partitus
./bin/plant	--populate	--user	test	--pass	test	--db	cider	--fasta	Sus_scrofa.Sscrofa11.1.pep.all.fa	--taxid	9823	--source	Ensembl,V97	--type	DNA	--ver	Sscrofa11.1	--pub		Sus	scrofa
./bin/plant	--populate	--user	test	--pass	test	--db	cider	--fasta	Sus_scrofa_usmarc.USMARCv1.0.pep.all.fa	--taxid	9823	--source	Ensembl,V97	--type	DNA	--ver	USMARCv1.0	--pub		Sus	scrofa
./bin/plant	--populate	--user	test	--pass	test	--db	cider	--fasta	Taeniopygia_guttata.taeGut3.2.4.pep.all.fa	--taxid	59729	--source	Ensembl,V97	--type	DNA	--ver	taeGut3.2.4	--pub		Taeniopygia	guttata
./bin/plant	--populate	--user	test	--pass	test	--db	cider	--fasta	Takifugu_rubripes.FUGU5.pep.all.fa	--taxid	31033	--source	Ensembl,V97	--type	DNA	--ver	FUGU5	--pub		Takifugu	rubripes
./bin/plant	--populate	--user	test	--pass	test	--db	cider	--fasta	Tetraodon_nigroviridis.TETRAODON8.pep.all.fa	--taxid	99883	--source	Ensembl,V97	--type	DNA	--ver	TETRAODON 8.0	--pub		Tetraodon	nigroviridis
./bin/plant	--populate	--user	test	--pass	test	--db	cider	--fasta	Theropithecus_gelada.Tgel_1.0.pep.all.fa	--taxid	9565	--source	Ensembl,V97	--type	DNA	--ver	Tgel_1.0	--pub		Theropithecus	gelada
./bin/plant	--populate	--user	test	--pass	test	--db	cider	--fasta	Tupaia_belangeri.TREESHREW.pep.all.fa	--taxid	37347	--source	Ensembl,V97	--type	DNA	--ver	tupBel1	--pub		Tupaia	belangeri
./bin/plant	--populate	--user	test	--pass	test	--db	cider	--fasta	Tursiops_truncatus.turTru1.pep.all.fa	--taxid	9739	--source	Ensembl,V97	--type	DNA	--ver	turTru1	--pub		Tursiops	truncatus
./bin/plant	--populate	--user	test	--pass	test	--db	cider	--fasta	Urocitellus_parryii.ASM342692v1.pep.all.fa	--taxid	9999	--source	Ensembl,V97	--type	DNA	--ver	ASM342692v1	--pub		Urocitellus	parryii
./bin/plant	--populate	--user	test	--pass	test	--db	cider	--fasta	Ursus_americanus.ASM334442v1.pep.all.fa	--taxid	9643	--source	Ensembl,V97	--type	DNA	--ver	ASM334442v1	--pub		Ursus	americanus
./bin/plant	--populate	--user	test	--pass	test	--db	cider	--fasta	Ursus_maritimus.UrsMar_1.0.pep.all.fa	--taxid	29073	--source	Ensembl,V97	--type	DNA	--ver	UrsMar_1.0	--pub		Ursus	maritimus
./bin/plant	--populate	--user	test	--pass	test	--db	cider	--fasta	Vicugna_pacos.vicPac1.pep.all.fa	--taxid	30538	--source	Ensembl,V97	--type	DNA	--ver	vicPac1	--pub		Vicugna	pacos
./bin/plant	--populate	--user	test	--pass	test	--db	cider	--fasta	Vombatus_ursinus.bare-nosed_wombat_genome_assembly.pep.all.fa	--taxid	29139	--source	Ensembl,V97	--type	DNA	--ver	bare-nosed_wombat_genome_assembly	--pub		Vombatus	ursinus
./bin/plant	--populate	--user	test	--pass	test	--db	cider	--fasta	Vulpes_vulpes.VulVul2.2.pep.all.fa	--taxid	9627	--source	Ensembl,V97	--type	DNA	--ver	VulVul2.2	--pub		Vulpes	vulpes
./bin/plant	--populate	--user	test	--pass	test	--db	cider	--fasta	Xenopus_tropicalis.JGI_4.2.pep.all.fa	--taxid	8364	--source	Ensembl,V97	--type	DNA	--ver	JGI 4.2	--pub		Xenopus	tropicalis
./bin/plant	--populate	--user	test	--pass	test	--db	cider	--fasta	Xiphophorus_couchianus.Xiphophorus_couchianus-4.0.1.pep.all.fa	--taxid	32473	--source	Ensembl,V97	--type	DNA	--ver	Xiphophorus_couchianus-4.0.1	--pub		Xiphophorus	couchianus
./bin/plant	--populate	--user	test	--pass	test	--db	cider	--fasta	Xiphophorus_maculatus.X_maculatus-5.0-male.pep.all.fa	--taxid	8083	--source	Ensembl,V97	--type	DNA	--ver	X_maculatus-5.0-male	--pub		Xiphophorus	maculatus
./bin/plant	--populate	--user	test	--pass	test	--db	cider	--fasta	Zonotrichia_albicollis.Zonotrichia_albicollis-1.0.1.pep.all.fa	--taxid	44394	--source	Ensembl,V97	--type	DNA	--ver	Zonotrichia_albicollis-1.0.1	--pub		Zonotrichia	albicollis
./bin/plant	--populate	--user	test	--pass	test	--db	cider	--fasta	GCF_001949145.1_OKI-Apl_1.0_protein.faa	--taxid	133434	--source	NCBI,RefSeq	--type	DNA	--ver	1	--pub	DOI:10.1002/dvg.22840	Acanthaster	planci
./bin/plant	--populate	--user	test	--pass	test	--db	cider	--fasta	GCF_000222465.1_Adig_1.1_protein.faa	--taxid	70779	--source	NCBI,RefSeq	--type	DNA	--ver	1.1	--pub	DOI:10.1038/nature10249	Acropora	digitifera
./bin/plant	--populate	--user	test	--pass	test	--db	cider	--fasta	GCF_001417965.1_Aiptasia_genome_1.1_protein.faa	--taxid	1720309	--source	NCBI,RefSeq	--type	DNA	--ver	1.1	--pub	PMID:26324906	Aiptasia	
./bin/plant	--populate	--user	test	--pass	test	--db	cider	--fasta	GCA_002754855.1_ASM275485v1_protein.faa	--taxid	307972	--source	NCBI,RefSeq	--type	DNA	--ver	1	--pub	DOI:10.1093/gigascience/giw006	Apostichopus	japonicus
./bin/plant	--populate	--user	test	--pass	test	--db	cider	--fasta	GCF_000004095.1_Hydra_RP_1.0_protein.faa	--taxid	6087	--source	NCBI,RefSeq	--type	DNA	--ver	1	--pub		Hydra	
./bin/plant	--populate	--user	test	--pass	test	--db	cider	--fasta	GCF_000003605.2_Skow_1.1_protein.faa	--taxid	10224	--source	NCBI,RefSeq	--type	DNA	--ver	1.1	--pub	PMID:26580012	Saccoglossus	kowalevskii
./bin/plant	--populate	--user	test	--pass	test	--db	cider	--fasta	GCF_002571385.1_Stylophora_pistillata_v1_protein.faa	--taxid	50429	--source	NCBI,RefSeq	--type	DNA	--ver	1	--pub	PMID:29242500	Stylophora	pistillata
./bin/plant	--populate	--user	test	--pass	test	--db	cider	--fasta	renilla_predicted_proteins.fasta	--taxid	37510	--source	Other,GigaDB	--type	DNA	--ver	2019	--pub	DOI:10.5524/100565	Renilla	muelleri
./bin/plant	--populate	--user	test	--pass	test	--db	cider	--fasta	Pleurobrachia_bachei.fasta	--taxid	34499	--source	Other,neurobase.rc.ufl.edu	--type	RNA	--ver	2013	--pub	PMID:24847885	Pleurobranchia	
./bin/plant	--populate	--user	test	--pass	test	--db	cider	--fasta	pfl.prot	--taxid	63121	--source	Other,OIST	--type	DNA	--ver	2015	--pub	PMID:26580012	Ptychodera	flava
