Absidia_glauca.AG_v1.pep.all.fa,4829,DNA,1
Acidomyces_richmondensis.ASM157207v1.pep.all.fa,245562,DNA,1
Acidomyces_richmondensis_bfw.Acidomyces_richmondensis_BFW_v1.0.pep.all.fa,766039,DNA,1
Acremonium_chrysogenum_atcc_11550.ASM76926v1.pep.all.fa,857340,DNA,1
Agaricus_bisporus_var_burnettii_jb137_s8.Agabi_varbur_1.pep.all.fa,597362,DNA,1
Allomyces_macrogynus_atcc_38327.A_macrogynus_V3.pep.all.fa,578462,DNA,1
Alternaria_alternata.Altal1.pep.all.fa,5599,DNA,1
Amanita_muscaria_koide_bx008.Amanita_muscaria_Koide_BX008_v1.0.pep.all.fa,946122,DNA,1
Amphiamblys_sp_wsbs2006.ASM187567v1.pep.all.fa,1866961,DNA,1
Anncaliia_algerae_pra109.Annc_alge_PRA109_V4.pep.all.fa,1240240,DNA,1
Anncaliia_algerae_pra339.Annc_alge_insect_USDA_JJB_V2.pep.all.fa,1288291,DNA,1
Anthracocystis_flocculosa_pf_1.Pflocc_1.0.pep.all.fa,1277687,DNA,1
Arthrobotrys_oligospora_atcc_24927.AOL24927_1.0.pep.all.fa,756982,DNA,1
Arthroderma_otae_cbs_113480.ASM15114v1.pep.all.fa,554155,DNA,1
Aschersonia_aleyrodis_rcef_2490.AAL_1.0.pep.all.fa,1081109,DNA,1
Ascochyta_rabiei.AscRab1.0.pep.all.fa,5454,DNA,1
Ascoidea_rubescens_dsm_1968.Ascru1.pep.all.fa,1344418,DNA,1
Ascosphaera_apis_arsef_7405.AAP_1.0.pep.all.fa,392613,DNA,1
Ashbya_gossypii.ASM9102v1.pep.all.fa,284811,DNA,1
Aspergillus_aculeatus_atcc_16872.Aspac1.pep.all.fa,690307,DNA,1
Aspergillus_bombycis.ASM179269v1.pep.all.fa,109264,DNA,1
Aspergillus_brasiliensis_cbs_101740.Aspbr1.pep.all.fa,767769,DNA,1
Aspergillus_calidoustus.Acal_Allpaths_LG.pep.all.fa,454130,DNA,1
Aspergillus_carbonarius_item_5010.Aspca3.pep.all.fa,602072,DNA,1
Aspergillus_clavatus.CADRE.pep.all.fa,344612,DNA,1
Aspergillus_cristatus.ASM171748v1.pep.all.fa,573508,DNA,1
Aspergillus_flavus_af70.ASM95283v1.pep.all.fa,1392242,DNA,1
Aspergillus_flavus.JCVI-afl1-v2.0.pep.all.fa,332952,DNA,1
Aspergillus_fumigatus.CADRE.pep.all.fa,330879,DNA,1
Aspergillus_fumigatus_var_rp_2014.AspFumNiv1.0.pep.all.fa,451804,DNA,1
Aspergillus_fumigatus_z5.ASM102932v1.pep.all.fa,1437362,DNA,1
Aspergillus_fumigatusa1163.CADRE.pep.all.fa,1476192,DNA,1
Aspergillus_glaucus_cbs_516_65.Aspgl1.pep.all.fa,1160497,DNA,1
Aspergillus_lentulus.Alt_assembly01.pep.all.fa,293939,DNA,1
Aspergillus_luchuensis.AspL_2604.pep.all.fa,1069201,DNA,1
Aspergillus_luchuensis_cbs_106_47.Aspfo1.pep.all.fa,1137211,DNA,1
Aspergillus_nidulans_fgsc_a4.ASM14920v2.pep.all.fa,227321,DNA,1
Aspergillus_niger_atcc_1015.ASPNI_v3.0.pep.all.fa,380704,DNA,1
Aspergillus_niger.ASM285v2.pep.all.fa,1451139,DNA,1
Aspergillus_nomius_nrrl_13137.ASM120477v1.pep.all.fa,1509407,DNA,1
Aspergillus_ochraceoroseus.ASM98666v1.pep.all.fa,138278,DNA,1
Aspergillus_oryzae_100_8.Aspergillus_oryzae_100-8.pep.all.fa,1197718,DNA,1
Aspergillus_oryzae_3_042.AspOry3042.pep.all.fa,1160506,DNA,1
Aspergillus_oryzae.ASM18445v3.pep.all.fa,510516,DNA,1
Aspergillus_parasiticus_su_1.ASM95608v1.pep.all.fa,1403190,DNA,1
Aspergillus_rambellii.ASM98664v1.pep.all.fa,308745,DNA,1
Aspergillus_ruber_cbs_135680.Eurhe1.pep.all.fa,1388766,DNA,1
Aspergillus_sydowii_cbs_593_65.Aspsy1.pep.all.fa,1036612,DNA,1
Aspergillus_terreus.CADRE.pep.all.fa,341663,DNA,1
Aspergillus_tubingensis_cbs_134_48.Asptu1.pep.all.fa,767770,DNA,1
Aspergillus_udagawae.Aud_assembly01.pep.all.fa,91492,DNA,1
Aspergillus_ustus.Austus1.0.pep.all.fa,40382,DNA,1
Aspergillus_versicolor_cbs_583_65.Aspve1.pep.all.fa,1036611,DNA,1
Aspergillus_wentii_dto_134e9.Aspwe1.pep.all.fa,1073089,DNA,1
Aureobasidium_melanogenum_cbs_110374.Aureobasidium_pullulans_var._melanogenum_CBS_110374_v1.0.pep.all.fa,1043003,DNA,1
Aureobasidium_namibiae_cbs_147_97.Aureobasidium_pullulans_var._namibiae_CBS_147.97_v1.0.pep.all.fa,1043004,DNA,1
Aureobasidium_pullulans_exf_150.Aureobasidium_pullulans_var._pullulans_EXF-150_assembly_version_1.0.pep.all.fa,1043002,DNA,1
Babjeviella_inositovora_nrrl_y_12698.Babin1.pep.all.fa,984486,DNA,1
Batrachochytrium_dendrobatidis_jam81.v1.0.pep.all.fa,684364,DNA,1
Batrachochytrium_dendrobatidis_jel423.BD_JEL423.pep.all.fa,403673,DNA,1
Batrachochytrium_salamandrivorans.Batr_sala_BS_V1.pep.all.fa,1357716,DNA,1
Baudoinia_panamericana_uamh_10762.Bauco1.pep.all.fa,717646,DNA,1
Beauveria_bassiana.ASM168263v1.pep.all.fa,176275,DNA,1
Beauveria_bassiana_arsef_2860.ASM28067v1.pep.all.fa,655819,DNA,1
Beauveria_bassiana_d1_5.BBA1.0.pep.all.fa,1245745,DNA,1
Bipolaris_maydis_atcc_48331.CocheC4_1.pep.all.fa,665024,DNA,1
Bipolaris_maydis_c5.CocheC5_3.pep.all.fa,701091,DNA,1
Bipolaris_oryzae_atcc_44560.Cochliobolus_miyabeanus_v1.0.pep.all.fa,930090,DNA,1
Bipolaris_sorokiniana_nd90pr.Cocsa1.pep.all.fa,665912,DNA,1
Bipolaris_victoriae_fi3.Cochliobolus_victoriae_v1.0.pep.all.fa,930091,DNA,1
Bipolaris_zeicola_26_r_13.Cochliobolus_carbonum_v1.0.pep.all.fa,930089,DNA,1
Blastomyces_dermatitidis_atcc_18188.BD_ATCC18188_V1.pep.all.fa,653446,DNA,1
Blastomyces_dermatitidis_atcc_26199.BD_ATCC26199_V2.pep.all.fa,447095,DNA,1
Blastomyces_dermatitidis_er_3.BD_ER3_V1.pep.all.fa,559297,DNA,1
Blastomyces_gilchristii_slh14081.BD_SLH14081_V1.pep.all.fa,559298,DNA,1
Blastomyces_percursus.Blas_perc_EI222_V1.pep.all.fa,1658174,DNA,1
Blumeria_graminis.EF1.pep.all.fa,546991,DNA,1
Blumeria_graminis_f_sp_tritici_96224.Bgt_454_newbler_assembly.pep.all.fa,1268274,DNA,1
Botryobasidium_botryosum_fd_172_ss1.Botbo1.pep.all.fa,930990,DNA,1
Botrytis_cinerea.ASM83294v1.pep.all.fa,332648,DNA,1
Botrytis_cinerea_bcdw1.BcDW1.pep.all.fa,1290391,DNA,1
Botrytis_cinerea_t4.BotFuc_Mar2011.pep.all.fa,999810,DNA,1
Brettanomyces_bruxellensis_awri1499.AWRI1499_v1.0.pep.all.fa,1124627,DNA,1
Byssochlamys_spectabilis_no_5.PVAR5_assembly01.pep.all.fa,1356009,DNA,1
Calocera_cornea_hhb12733.Calco1.pep.all.fa,1353952,DNA,1
Calocera_viscosa_tufc12733.Calvi1.pep.all.fa,1330018,DNA,1
Candida_albicans_12c.Cand_albi_12C_V2.pep.all.fa,1094981,DNA,1
Candida_albicans_19f.Cand_albi_19F_V2.pep.all.fa,1094987,DNA,1
Candida_albicans_ca6.Cand_albi_Ca6_V2.pep.all.fa,1165368,DNA,1
Candida_albicans_gc75.Cand_albi_GC75_V1.pep.all.fa,1094988,DNA,1
Candida_albicans_l26.Cand_albi_L26_V2.pep.all.fa,1094982,DNA,1
Candida_albicans_p34048.Cand_albi_P34048_V1.pep.all.fa,1094991,DNA,1
Candida_albicans_p37005.Cand_albi_P37005_V2.pep.all.fa,1094985,DNA,1
Candida_albicans_p37037.Cand_albi_P37037_V1.pep.all.fa,1094992,DNA,1
Candida_albicans_p37039.Cand_albi_P37039_V1.pep.all.fa,1094993,DNA,1
Candida_albicans_p57055.Cand_albi_P57055_V1.pep.all.fa,1094996,DNA,1
Candida_albicans_p57072.Cand_albi_P57072_V1.pep.all.fa,1094990,DNA,1
Candida_albicans_p60002.Cand_albi_P60002_V1.pep.all.fa,1094986,DNA,1
Candida_albicans_p75010.Cand_albi_P75010_V1.pep.all.fa,1094994,DNA,1
Candida_albicans_p75016.Cand_albi_P75016_V1.pep.all.fa,1094995,DNA,1
Candida_albicans_p75063.Cand_albi_P75063_V1.pep.all.fa,1094997,DNA,1
Candida_albicans_p76055.Cand_albi_P76055_V1.pep.all.fa,1094998,DNA,1
Candida_albicans_p76067.Cand_albi_P76067_V1.pep.all.fa,1094999,DNA,1
Candida_albicans_p78042.Cand_albi_P78042_V1.pep.all.fa,1095000,DNA,1
Candida_albicans_p78048.Cand_albi_P78048_V1.pep.all.fa,1094989,DNA,1
Candida_albicans_p87.Cand_albi_P87_V2.pep.all.fa,1094984,DNA,1
Candida_albicans_p94015.Cand_albi_P94015_V1.pep.all.fa,1094983,DNA,1
Candida_albicans_sc5314.Cand_albi_SC5314_V4.pep.all.fa,237561,DNA,1
Candida_albicans_wo_1.ASM14944v2.pep.all.fa,294748,DNA,1
Candida_arabinofermentans_nrrl_yb_2248.Canar1.pep.all.fa,983967,DNA,1
_candida_auris.ASM118947v1.pep.all.fa,498019,DNA,1
Candida_dubliniensis_cd36.ASM2694v1.pep.all.fa,573826,DNA,1
_candida_glabrata.ASM254v2.pep.all.fa,284593,DNA,1
_candida_intermedia.CBS_141442_assembly.pep.all.fa,45354,DNA,1
Candida_maltosa_xu316.Cmaltosa_v01.pep.all.fa,1245528,DNA,1
Candida_orthopsilosis_co_90_125.ASM31587v1.pep.all.fa,1136231,DNA,1
Candida_parapsilosis_cdc317.ASM18276v2.pep.all.fa,578454,DNA,1
Candida_tanzawaensis_nrrl_y_17324.Canta1.pep.all.fa,984487,DNA,1
_candida_tenuis_atcc_10573.Candida_tenuis_v1.0.pep.all.fa,590646,DNA,1
Candida_tropicalis_mya_3404.ASM633v2.pep.all.fa,294747,DNA,1
Capronia_coronata_cbs_617_96.Capr_coro_CBS_617_96_V1.pep.all.fa,1182541,DNA,1
Capronia_epimyces_cbs_606_96.Capr_epim_CBS_606_96_V1.pep.all.fa,1182542,DNA,1
Ceraceosorus_bombacis.Ceraceosorus_bombacis.pep.all.fa,401625,DNA,1
Ceratocystis_platani.ASM97888v1.pep.all.fa,88771,DNA,1
Chaetomium_globosum_cbs_148_51.ASM14336v1.pep.all.fa,306901,DNA,1
Chaetomium_thermophilum_var_thermophilum_dsm_1495.CTHT_3.0.pep.all.fa,759272,DNA,1
Choanephora_cucurbitarum.ASM168372v1.pep.all.fa,101091,DNA,1
Cladophialophora_bantiana_cbs_173_52.Clad_bant_CBS_173_52_V1.pep.all.fa,1442370,DNA,1
Cladophialophora_carrionii.ASM170077v1.pep.all.fa,86049,DNA,1
Cladophialophora_carrionii_cbs_160_54.Clad_carr_CBS_160_54_V1.pep.all.fa,1279043,DNA,1
Cladophialophora_immunda.Clad_immu_CBS83496_V1.pep.all.fa,569365,DNA,1
Cladophialophora_psammophila_cbs_110553.Clad_psam_CBS_110553_V1.pep.all.fa,1182543,DNA,1
Cladophialophora_yegresii_cbs_114405.Clad_yegr_CBS_114405_V1.pep.all.fa,1182544,DNA,1
Claviceps_purpurea_20_1.ASM34735v1.pep.all.fa,1111077,DNA,1
Clavispora_lusitaniae_atcc_42720.ASM383v1.pep.all.fa,306902,DNA,1
Coccidioides_immitis_h538_4.ASM14981v1.pep.all.fa,396776,DNA,1
Coccidioides_immitis_rmscc_2394.ASM14989v1.pep.all.fa,404692,DNA,1
Coccidioides_immitis_rmscc_3703.ASM15008v1.pep.all.fa,454286,DNA,1
Coccidioides_immitis_rs.ASM14933v2.pep.all.fa,246410,DNA,1
Coccidioides_posadasii_c735_delta_sowgp.JCVI-cpa1-1.0.pep.all.fa,222929,DNA,1
Coccidioides_posadasii_rmscc_3488.ASM15005v1.pep.all.fa,454284,DNA,1
Coccidioides_posadasii_str_silveira.CPS2.pep.all.fa,443226,DNA,1
Colletotrichum_chlorophyti.ASM193710v1.pep.all.fa,708187,DNA,1
Colletotrichum_fioriniae_pj7.CFIO01.pep.all.fa,1445577,DNA,1
Colletotrichum_gloeosporioides_cg_14.Colletotrichum_gloeosporioides1.pep.all.fa,1237896,DNA,1
Colletotrichum_gloeosporioides.GCA_000319635.1.pep.all.fa,1213859,DNA,1
Colletotrichum_graminicola.C_graminicola_M1_001_V1.pep.all.fa,645133,DNA,1
Colletotrichum_higginsianum_imi_349063.ASM167251v1.pep.all.fa,759273,DNA,1
Colletotrichum_incanum.Ci238704v1.pep.all.fa,1573173,DNA,1
Colletotrichum_nymphaeae_sa_01.CNYM01.pep.all.fa,1460502,DNA,1
Colletotrichum_orbiculare.GCA_000350065.1.pep.all.fa,1213857,DNA,1
Colletotrichum_orchidophilum.CORC01.pep.all.fa,1209926,DNA,1
Colletotrichum_salicis.CSAL01.pep.all.fa,1209931,DNA,1
Colletotrichum_simmondsii.CSIM01.pep.all.fa,703756,DNA,1
Colletotrichum_sublineola.ASM69613v1.pep.all.fa,1173701,DNA,1
Colletotrichum_tofieldiae.Ct0861v1.pep.all.fa,708197,DNA,1
Conidiobolus_coronatus_nrrl_28638.Conidiobolus_coronatus_NRRL28638.pep.all.fa,796925,DNA,1
Coniochaeta_ligniaria_nrrl_30616.Conlig_v1.0.pep.all.fa,1408157,DNA,1
Coniophora_puteana_rwd_64_598_ss2.Conpu1.pep.all.fa,741705,DNA,1
Coniosporium_apollinis_cbs_100218.Coni_apol_CBS100218_V1.pep.all.fa,1168221,DNA,1
Coprinopsis_cinerea_okayama7_130.CC3.pep.all.fa,240176,DNA,1
Cordyceps_brongniartii_rcef_3172.BBO_1.0.pep.all.fa,1081107,DNA,1
Cordyceps_confragosa.ASM165321v1.pep.all.fa,1105325,DNA,1
Cordyceps_confragosa_rcef_1005.LEL_1.0.pep.all.fa,1081108,DNA,1
Cordyceps_militaris_cm01.CmilitarisCM01_v01.pep.all.fa,983644,DNA,1
Cryptococcus_amylolentus_cbs_6039.Cryp_amyl_CBS6039_V3.pep.all.fa,1295533,DNA,1
Cryptococcus_amylolentus_cbs_6273.Cryp_amyl_CBS6273_V2.pep.all.fa,1296118,DNA,1
Cryptococcus_depauperatus_cbs_7841.Filo_depa_CBS7841_V1.pep.all.fa,1295531,DNA,1
Cryptococcus_depauperatus_cbs_7855.Filo_depa_CBS7855_V2.pep.all.fa,1295532,DNA,1
Cryptococcus_gattii_ca1280.Cryp_gatt_CA1280_V1.pep.all.fa,1296109,DNA,1
Cryptococcus_gattii_ca1873.Cryp_gatt_CA1873_V1.pep.all.fa,1296111,DNA,1
Cryptococcus_gattii_e566.Cryp_gatt_E566_V1.pep.all.fa,1296102,DNA,1
Cryptococcus_gattii_ejb2.Cryp_gatt_EJB2_V1.pep.all.fa,1296103,DNA,1
Cryptococcus_gattii_nt_10.Cryp_gatt_NT-10_V1.pep.all.fa,1296108,DNA,1
Cryptococcus_gattii_ru294.Cryp_gatt_Ru294_V1.pep.all.fa,1296112,DNA,1
Cryptococcus_gattii_vgii_2001_935_1.Cryp_gatt_2001_935-1_V1.pep.all.fa,1334442,DNA,1
Cryptococcus_gattii_vgii_99_473.Cryp_gatt_99_473_V1.pep.all.fa,1296104,DNA,1
Cryptococcus_gattii_vgii_ca1014.Cryp_gatt_CA1014_V1.pep.all.fa,1296107,DNA,1
Cryptococcus_gattii_vgii_cbs_10090.Cryp_gatt_CBS10090_V1.pep.all.fa,1296101,DNA,1
Cryptococcus_gattii_vgii_la55.Cryp_gatt_LA55_V1.pep.all.fa,1296106,DNA,1
Cryptococcus_gattii_vgii_mmrl2647.Cryp_gatt_MMRL2647_V2.pep.all.fa,1296117,DNA,1
Cryptococcus_gattii_vgii_r265.CNB2.pep.all.fa,294750,DNA,1
Cryptococcus_gattii_vgii_ram5.Cryp_gatt_Ram5_V1.pep.all.fa,1296110,DNA,1
Cryptococcus_gattii_vgiv_ind107.Cryp_gatt_IND107_V2.pep.all.fa,1296105,DNA,1
Cryptococcus_gattii_wm276.ASM18594v1.pep.all.fa,367775,DNA,1
Cryptococcus_neoformans_var_grubii_h99.CNA3.pep.all.fa,235443,DNA,1
Cryptococcus_neoformans_var_neoformans_b_3501a.ASM14938v1.pep.all.fa,283643,DNA,1
Cutaneotrichosporon_oleaginosus.Triol1.pep.all.fa,879819,DNA,1
Cyberlindnera_fabianii.ASM198330v1.pep.all.fa,36022,DNA,1
Cylindrobasidium_torrendii_fp15055_ss_10.Cylto1.pep.all.fa,1314674,DNA,1
Dacryopinax_primogenitus.Dacryopinax_sp._DJM_731_SSP1_v1.0.pep.all.fa,1858805,DNA,1
Dactylellina_haptotyla_cbs_200_50.MHA_v2.pep.all.fa,1284197,DNA,1
Daedalea_quercina_l_15889.Daequ1.pep.all.fa,1314783,DNA,1
Debaryomyces_fabryi.debFab1.0.pep.all.fa,58627,DNA,1
Debaryomyces_hansenii_cbs767.ASM644v2.pep.all.fa,284592,DNA,1
Diaporthe_ampelina.UCDDA912v1.0.pep.all.fa,1214573,DNA,1
Diaporthe_helianthi.ASM170239v1.pep.all.fa,158607,DNA,1
Dichomitus_squalens_lyad_421_ss1.Dichomitus_squalens_v1.0.pep.all.fa,732165,DNA,1
Diplodia_corticola.ASM188384v1.pep.all.fa,236234,DNA,1
Diplodia_seriata.UCDDS831v0.1.pep.all.fa,420778,DNA,1
Dothistroma_septosporum.GCA_000340195.1.pep.all.fa,675120,DNA,1
Drechmeria_coniospora.ASM162519v1.pep.all.fa,98403,DNA,1
Drechslerella_stenobrocha_248.DREv1.pep.all.fa,1043628,DNA,1
Edhazardia_aedis_usnm_41457.Edha_aedis_V4b.pep.all.fa,1003232,DNA,1
Emergomyces_pasteuriana_ep9510.Emmo_past_UAMH9510_V1.pep.all.fa,1447872,DNA,1
Emmonsia_crescens_uamh_3008.ASM100828v1.pep.all.fa,1247875,DNA,1
Emmonsia_parva_uamh_139.ASM101475v1.pep.all.fa,1246674,DNA,1
Emmonsia_sp_cac_2015a.Emmo_afri_EA111.pep.all.fa,1658172,DNA,1
Encephalitozoon_cuniculi_ecuniii_l.ECIIIL.pep.all.fa,1355160,DNA,1
Encephalitozoon_cuniculi_gb_m1.ASM9122v1.pep.all.fa,284813,DNA,1
Encephalitozoon_hellem_atcc_50504.ASM27781v3.pep.all.fa,907965,DNA,1
Encephalitozoon_intestinalis_atcc_50506.ASM14646v1.pep.all.fa,876142,DNA,1
Encephalitozoon_romaleae_sj_2008.ASM28003v2.pep.all.fa,1178016,DNA,1
Endocarpon_pusillum_z07020.EPUS.pep.all.fa,1263415,DNA,1
Enterocytozoon_bieneusi_h348.ASM20948v1.pep.all.fa,481877,DNA,1
Enterocytozoon_hepatopenaei.ASM208167v1.pep.all.fa,646526,DNA,1
Enterospora_canceri.ASM208791v1.pep.all.fa,1081671,DNA,1
Eremothecium_cymbalariae_dbvpg_7215.ASM23536v1.pep.all.fa,931890,DNA,1
Eremothecium_gossypii_fdag1.ASM96883v1.pep.all.fa,1034331,DNA,1
Eremothecium_sinecaudum.ASM154855v1.pep.all.fa,45286,DNA,1
Erysiphe_necator.ASM79871v1.pep.all.fa,52586,DNA,1
Escovopsis_weberi.ASM127849v1.pep.all.fa,150374,DNA,1
Eutypa_lata_ucrel1.UCREL1V03.pep.all.fa,1287681,DNA,1
Exidia_glandulosa_hhb12029.Exigl1.pep.all.fa,1314781,DNA,1
Exophiala_aquamarina_cbs_119918.Exop_aqua_CBS_119918_V1.pep.all.fa,1182545,DNA,1
Exophiala_dermatitidis_nih_ut8656.Exop_derm_V1.pep.all.fa,858893,DNA,1
Exophiala_mesophila.Exop_meso_CBS40295_V1.pep.all.fa,212818,DNA,1
Exophiala_oligosperma.Exop_olig_CBS72588_V1.pep.all.fa,215243,DNA,1
Exophiala_sideris.Exop_side_CBS121828_V1.pep.all.fa,1016849,DNA,1
Exophiala_spinifera.Exop_spin_CBS89968_V1.pep.all.fa,91928,DNA,1
Exophiala_xenobiotica.Exop_xeno_CBS118157_V1.pep.all.fa,348802,DNA,1
Fibroporia_radiculosa.ASM31352v1.pep.all.fa,1078123,DNA,1
Fibulorhizoctonia_sp_cbs_109695.Fibsp1.pep.all.fa,436010,DNA,1
Fistulina_hepatica_atcc_64428.Fishe1.pep.all.fa,1128425,DNA,1
Fomitiporia_mediterranea_mf3_22.Fomme1.pep.all.fa,694068,DNA,1
Fomitopsis_pinicola_fp_58527_ss1.Fompi3.pep.all.fa,743788,DNA,1
Fonsecaea_erecta.ASM165198v1.pep.all.fa,1367422,DNA,1
Fonsecaea_monophora.ASM164247v1.pep.all.fa,254056,DNA,1
Fonsecaea_multimorphosa.ASM164698v1.pep.all.fa,979981,DNA,1
Fonsecaea_multimorphosa_cbs_102226.Fons_mult_CBS_102226_V1.pep.all.fa,1442371,DNA,1
Fonsecaea_nubica.ASM164696v1.pep.all.fa,856822,DNA,1
Fonsecaea_pedrosoi_cbs_271_37.Fons_pedr_CBS_271_37_V1.pep.all.fa,1442368,DNA,1
Fusarium_culmorum.EF1.pep.all.fa,1318462,DNA,1
Fusarium_graminearum.RR1.pep.all.fa,229533,DNA,1
Fusarium_langsethiae.ASM129263v1.pep.all.fa,179993,DNA,1
Fusarium_mangiferae.Genome_assembly_version_1.pep.all.fa,192010,DNA,1
Fusarium_oxysporum_fo47.FO_Fo47_V1.pep.all.fa,660027,DNA,1
Fusarium_oxysporum_fosc_3_a.FO_FOSC_3_a_V1.pep.all.fa,909455,DNA,1
Fusarium_oxysporum_f_sp_conglutinans_race_2_54008.FO_PHW808_V1.pep.all.fa,1089457,DNA,1
Fusarium_oxysporum_f_sp_cubense_race_1.Foc1_1.0.pep.all.fa,1229664,DNA,1
Fusarium_oxysporum_f_sp_cubense_race_4.Foc4_1.0.pep.all.fa,1229665,DNA,1
Fusarium_oxysporum_f_sp_cubense_tropical_race_4_54006.FO_II5_V1.pep.all.fa,1089451,DNA,1
Fusarium_oxysporum.FO2.pep.all.fa,426428,DNA,1
Fusarium_oxysporum_f_sp_lycopersici_mn25.FO_MN25_V1.pep.all.fa,1080343,DNA,1
Fusarium_oxysporum_f_sp_melonis_26406.FO_melonis_V1.pep.all.fa,1089452,DNA,1
Fusarium_oxysporum_f_sp_pisi_hdv247.FO_HDV247_V1.pep.all.fa,1080344,DNA,1
Fusarium_oxysporum_f_sp_radicis_lycopersici_26381.FO_CL57_V1.pep.all.fa,1089448,DNA,1
Fusarium_oxysporum_f_sp_raphani_54005.FO_PHW815_V1.pep.all.fa,1089458,DNA,1
Fusarium_oxysporum_f_sp_vasinfectum_25433.FO_Cotton_V1.pep.all.fa,1089449,DNA,1
Fusarium_poae.FPOA1.0.pep.all.fa,36050,DNA,1
Fusarium_proliferatum.F._proliferatum_NRRL62905_version_1.pep.all.fa,948311,DNA,1
Fusarium_proliferatum_et1.F._proliferatum_ET1_version_1.pep.all.fa,1227346,DNA,1
Fusarium_pseudograminearum.GCA_000303195.1.pep.all.fa,1028729,DNA,1
Fusarium_solani.v2.0.pep.all.fa,660122,DNA,1
Fusarium_verticillioides.ASM14955v1.pep.all.fa,334819,DNA,1
Gaeumannomyces_graminis.Gae_graminis_V2.pep.all.fa,644352,DNA,1
Galerina_marginata_cbs_339_88.Galma1.pep.all.fa,685588,DNA,1
Gelatoporia_subvermispora_b.Ceriporiopsis_subvermispora_B_v1.0.pep.all.fa,914234,DNA,1
Geotrichum_candidum.New2.3_08062011.pep.all.fa,1173061,DNA,1
Glarea_lozoyensis_74030.LBAGla_1.0.pep.all.fa,1104152,DNA,1
Glarea_lozoyensis_atcc_20868.GLAREA.pep.all.fa,1116229,DNA,1
Gloeophyllum_trabeum_atcc_11539.Glotr1_1.pep.all.fa,670483,DNA,1
Gonapodya_prolifera_jel478.Ganpr1.pep.all.fa,1344416,DNA,1
Grifola_frondosa.ASM168373v1.pep.all.fa,5627,DNA,1
Grosmannia_clavigera_kw1407.Sanger-454-IlluminaPA_2.0.pep.all.fa,655863,DNA,1
Gymnopus_luxurians_fd_317_m1.Gymlu1.pep.all.fa,944289,DNA,1
Hanseniaspora_guilliermondii.version_1.pep.all.fa,56406,DNA,1
Hanseniaspora_opuntiae.ASM174979v1.pep.all.fa,211096,DNA,1
Hanseniaspora_osmophila.ASM174704v1.pep.all.fa,56408,DNA,1
Hanseniaspora_uvarum.ASM174705v1.pep.all.fa,29833,DNA,1
Hanseniaspora_uvarum_dsm_2768.Huva2.0.pep.all.fa,1246595,DNA,1
Hanseniaspora_valbyensis_nrrl_y_1626.Hanva1_1.pep.all.fa,766949,DNA,1
Hebeloma_cylindrosporum_h7.Hebeloma_cylindrosporum_h7_v2.0.pep.all.fa,686832,DNA,1
Hepatospora_eriocheir.ASM208787v1.pep.all.fa,1081669,DNA,1
Heterobasidion_irregulare_tc_32_1.Heterobasidion_irregulare_v2.0.pep.all.fa,747525,DNA,1
Hirsutella_minnesotensis_3608.ASM95604v1.pep.all.fa,1043627,DNA,1
Histoplasma_capsulatum_g186ar.ASM15011v1.pep.all.fa,447093,DNA,1
Histoplasma_capsulatum_h143.ASM15103v1.pep.all.fa,544712,DNA,1
Histoplasma_capsulatum_h88.ASM15100v2.pep.all.fa,544711,DNA,1
Histoplasma_capsulatum_nam1.ASM14958v1.pep.all.fa,339724,DNA,1
Hydnomerulius_pinastri_md_312.Hydpi2.pep.all.fa,994086,DNA,1
Hypholoma_sublateritium_fd_334_ss_4.Hypsu1.pep.all.fa,945553,DNA,1
Hyphopichia_burtonii_nrrl_y_1933.Hypbu1.pep.all.fa,984485,DNA,1
Hypsizygus_marmoreus.ASM160531v1.pep.all.fa,39966,DNA,1
Isaria_fumosorosea_arsef_2679.ISF_1.0.pep.all.fa,1081104,DNA,1
Jaapia_argillacea_mucl_33604.Jaaar1.pep.all.fa,933084,DNA,1
Kalmanozyma_brasiliensis_ghg001.PSEUBRA1.pep.all.fa,1365824,DNA,1
Kazachstania_africana_cbs_2517.Ka_CBS2517.pep.all.fa,1071382,DNA,1
Kazachstania_naganishii_cbs_8797.ASM34898v1.pep.all.fa,1071383,DNA,1
Kluyveromyces_lactis.ASM251v1.pep.all.fa,28985,DNA,1
Kluyveromyces_marxianus.KM1777_03.pep.all.fa,4911,DNA,1
Kluyveromyces_marxianus_dmku3_1042.Kmar_1.0.pep.all.fa,1003335,DNA,1
Komagataella_pastoris_gca_001708105.ASM170810v1.pep.all.fa,4922,DNA,1
Komagataella_phaffii.ASM170808v1.pep.all.fa,460519,DNA,1
Komagataella_phaffii_cbs_7435.PicPas_Mar2011.pep.all.fa,981350,DNA,1
Komagataella_phaffii_gs115.ASM174695v1.pep.all.fa,644223,DNA,1
Kuraishia_capsulata_cbs_1993.AUH_PRJEB4427_v1.pep.all.fa,1382522,DNA,1
Kwoniella_bestiolae_cbs_10118.Cryp_best_CBS10118_V1.pep.all.fa,1296100,DNA,1
Kwoniella_dejecticola_cbs_10117.Cryp_deje_CBS10117_V1.pep.all.fa,1296121,DNA,1
Kwoniella_heveanensis_bcc8398.Cryp_heve_BCC8398_V1.pep.all.fa,1296120,DNA,1
Kwoniella_heveanensis_cbs_569.Cryp_heve_CBS569_V2.pep.all.fa,1296119,DNA,1
Kwoniella_mangroviensis_cbs_10435.Kwon_mang_CBS10435_V2.pep.all.fa,1331196,DNA,1
Kwoniella_mangroviensis_cbs_8507.Kwon_mang_CBS8507_V2.pep.all.fa,1296122,DNA,1
Kwoniella_mangroviensis_cbs_8886.Kwon_mang_CBS8886_V1.pep.all.fa,1296123,DNA,1
Kwoniella_pini_cbs_10737.Cryp_pinu_CBS10737_V1.pep.all.fa,1296096,DNA,1
Laccaria_amethystina_laam_08_1.Laccaria_amethystina_LaAM-08-1_v1.0.pep.all.fa,1095629,DNA,1
Laccaria_bicolor_s238n_h82.V1.0.pep.all.fa,486041,DNA,1
Lachancea_dasiensis_cbs_10888.LADA0.pep.all.fa,1266660,DNA,1
Lachancea_fermentati.LAFE0.pep.all.fa,4955,DNA,1
Lachancea_lanzarotensis.LALA0.pep.all.fa,1245769,DNA,1
Lachancea_meyersii_cbs_8951.LAME0.pep.all.fa,1266667,DNA,1
Lachancea_mirantina.LAMI0.pep.all.fa,1230905,DNA,1
Lachancea_nothofagi_cbs_11611.LANO0.pep.all.fa,1266666,DNA,1
Lachancea_sp_cbs_6924.LAFA0.pep.all.fa,433476,DNA,1
Lachancea_thermotolerans_cbs_6340.ASM14280v1.pep.all.fa,559295,DNA,1
Laetiporus_sulphureus_93_53.Laesu1.pep.all.fa,1314785,DNA,1
Lentinula_edodes.Lened_assembly01.pep.all.fa,5353,DNA,1
Leptosphaeria_maculans.ASM23037v1.pep.all.fa,985895,DNA,1
Leucoagaricus_sp_symc_cos.ASM156373v1.pep.all.fa,1714833,DNA,1
Lichtheimia_corymbifera_jmrc_fsu_9682.454Minimus.pep.all.fa,1263082,DNA,1
Lichtheimia_ramosa.Lramosa_hybrid_454_Illumina.pep.all.fa,688394,DNA,1
Lipomyces_starkeyi_nrrl_y_11557.Lipst1_1.pep.all.fa,675824,DNA,1
Lodderomyces_elongisporus_nrrl_yb_4239.ASM14968v1.pep.all.fa,379508,DNA,1
Macrophomina_phaseolina_ms6.MphMS6_1.0.pep.all.fa,1126212,DNA,1
Madurella_mycetomatis.ASM127576v2.pep.all.fa,100816,DNA,1
Magnaporthe_oryzae.MG8.pep.all.fa,242507,DNA,1
Magnaporthe_poae.Mag_poae_ATCC_64411_V1.pep.all.fa,644358,DNA,1
Malassezia_pachydermatis.MalaPachy.pep.all.fa,77020,DNA,1
Malassezia_sympodialis_atcc_42132.ASM34930v2.pep.all.fa,1230383,DNA,1
Marssonina_brunnea_f_sp_multigermtubi_mb_m1.ASM29877v1.pep.all.fa,1072389,DNA,1
Melampsora_laricipopulina.GCA_000204055.1.pep.all.fa,747676,DNA,1
Metarhizium_acridum_cqma_102.MetAcr_May2010.pep.all.fa,655827,DNA,1
Metarhizium_album_arsef_1941.MAM_1.0_for_version_1_of_the_Metarhizium_album_genome.pep.all.fa,1081103,DNA,1
Metarhizium_anisopliae.Metarhizium_anisopliae.pep.all.fa,5530,DNA,1
Metarhizium_anisopliae_arsef_23.MAA_2.0.pep.all.fa,655844,DNA,1
Metarhizium_anisopliae_arsef_549.MAN_1.0.pep.all.fa,1276135,DNA,1
Metarhizium_anisopliae_brip_53284.ASM42698v1.pep.all.fa,1291519,DNA,1
Metarhizium_anisopliae_brip_53293.ASM42696v1.pep.all.fa,1291518,DNA,1
Metarhizium_brunneum_arsef_3297.MBR_1.0.pep.all.fa,1276141,DNA,1
Metarhizium_guizhouense_arsef_977.MGU_1.0.pep.all.fa,1276136,DNA,1
Metarhizium_majus_arsef_297.MAJ_1.0.pep.all.fa,1276143,DNA,1
Metarhizium_rileyi_rcef_4871.NOR_1.0.pep.all.fa,1081105,DNA,1
Metarhizium_brunneum_arsef_3297.MBR_1.0.pep.all.fa,655844,DNA,1
Metschnikowia_bicuspidata_var_bicuspidata_nrrl_yb_4993.Metbi1.pep.all.fa,869754,DNA,1
Meyerozyma_guilliermondii_atcc_6260.ASM14942v1.pep.all.fa,294746,DNA,1
Microbotryum_violaceum.GCA_000166175.1.pep.all.fa,5272,DNA,1
Microdochium_bolleyi.Microdochium_bolleyi_v1.0.pep.all.fa,196109,DNA,1
Millerozyma_farinosa_cbs_7064.ASM31589v1.pep.all.fa,559304,DNA,1
Mitosporidium_daphniae.UGP1.0.pep.all.fa,1485682,DNA,1
Mixia_osmundae_iam_14324.Mosmundae_2.0.pep.all.fa,764103,DNA,1
Moesziomyces_antarcticus.ASM74776v1.pep.all.fa,1151754,DNA,1
Moesziomyces_aphidis_dsm_70725.PseuAph1.0.pep.all.fa,1391700,DNA,1
Moniliophthora_perniciosa_fa553.ASM18302v1.pep.all.fa,554373,DNA,1
Moniliophthora_roreri.ASM146670v1.pep.all.fa,221103,DNA,1
Moniliophthora_roreri_mca_2997.M_roreri_MCA_2997_v1.pep.all.fa,1381753,DNA,1
Mortierella_elongata_ag_77.Mortierella_elongata_AG-77_v2.0.pep.all.fa,1314771,DNA,1
Mortierella_verticillata_nrrl_6337.Mort_vert_NRRL_6337_V1.pep.all.fa,1069443,DNA,1
Mucor_ambiguus.ASM95059v1.pep.all.fa,91626,DNA,1
Mucor_circinelloides_f_circinelloides_1006phl.Muco_sp_1006Ph_V1.pep.all.fa,1220926,DNA,1
Mucor_circinelloides_f_lusitanicus_cbs_277_49.Mucci2.pep.all.fa,747725,DNA,1
Mycosphaerella_eumusae.ASM157823v1.pep.all.fa,321146,DNA,1
Nadsonia_fulvescens_var_elongata_dsm_6958.Nadfu1.pep.all.fa,857566,DNA,1
Nannizzia_gypsea_cbs_118893.MS_CBS118893.pep.all.fa,535722,DNA,1
Naumovozyma_castellii_cbs_4309.ASM23734v1.pep.all.fa,1064592,DNA,1
Naumovozyma_dairenensis_cbs_421.ASM22711v2.pep.all.fa,1071378,DNA,1
Nematocida_displodere.ASM164239v1.pep.all.fa,1805483,DNA,1
Nematocida_parisii_ertm1.Nema_parisii_ERTm1_V3.pep.all.fa,881290,DNA,1
Nematocida_parisii_ertm3.Nema_parisii_ERTm3_V1.pep.all.fa,935791,DNA,1
Nematocida_sp_1_ertm2.Nema_parisii_ERTm2_V1.pep.all.fa,944018,DNA,1
Nematocida_sp_1_ertm6.Nema_sp_1_ERTm6_V2.pep.all.fa,1138374,DNA,1
Nematocida_sp_ertm5.ASM164241v1.pep.all.fa,1805481,DNA,1
Neofusicoccum_parvum_ucrnp2.UCRNP2V3.pep.all.fa,1287680,DNA,1
Neolecta_irregularis_dah_3.NeoIirr1.0.pep.all.fa,1198029,DNA,1
Neolentinus_lepideus_hhb14362_ss_1.Neole1.pep.all.fa,1314782,DNA,1
Neonectria_ditissima.R0905_v2.0.pep.all.fa,78410,DNA,1
Neosartorya_fischeri.CADRE.pep.all.fa,331117,DNA,1
Neurospora_crassa.NC12.pep.all.fa,367110,DNA,1
Neurospora_tetrasperma_fgsc_2508.v2.0.pep.all.fa,510951,DNA,1
Neurospora_tetrasperma_fgsc_2509.v1.0.pep.all.fa,510952,DNA,1
Nosema_apis_brl_01.NapisBRLv01.pep.all.fa,1037528,DNA,1
Nosema_bombycis_cq1.NosBomCQ1_v1.0.pep.all.fa,578461,DNA,1
Nosema_ceranae.ASM98816v1.pep.all.fa,40302,DNA,1
Nosema_ceranae_brl01.ASM18298v1.pep.all.fa,578460,DNA,1
Ogataea_parapolymorpha_dl_1.Hansenula_2.pep.all.fa,871575,DNA,1
Ogataea_polymorpha.Hanpo2.pep.all.fa,638633,DNA,1
Oidiodendron_maius_zn.Oidiodendron_maius_Zn_v1.0.pep.all.fa,913774,DNA,1
Ophiocordyceps_sinensis_co18.ASM44836v1.pep.all.fa,911162,DNA,1
Ophiocordyceps_unilateralis.ASM127257v1.pep.all.fa,268505,DNA,1
Ophiostoma_piceae_uamh_11346.Opiceae_UAMHv01.pep.all.fa,1262450,DNA,1
Ordospora_colligata_oc4.ASM80326v1.pep.all.fa,1354746,DNA,1
Pachysolen_tannophilus_nrrl_y_2460.Pacta1_2.pep.all.fa,669874,DNA,1
Paracoccidioides_brasiliensis.ASM171364v1.pep.all.fa,121759,DNA,1
Paracoccidioides_brasiliensis_pb03.Paracocci_br_Pb03_V2.pep.all.fa,482561,DNA,1
Paracoccidioides_brasiliensis_pb18.Paracocci_br_Pb18_V2.pep.all.fa,502780,DNA,1
Paracoccidioides_sp_lutzii_pb01.Paracocci_br_Pb01_V2.pep.all.fa,502779,DNA,1
Paraphaeosphaeria_sporulosa.Parsp1.pep.all.fa,1460663,DNA,1
Parasitella_parasitica.PP.v1.pep.all.fa,35722,DNA,1
Phaeosphaeria_nodorum.ASM14691v1.pep.all.fa,321614,DNA,1
Paxillus_involutus_atcc_200175.Paxillus_involutus_ATCC_200175_v1.0.pep.all.fa,664439,DNA,1
Paxillus_rubicundulus_ve08_2h10.Paxillus_rubicundulus_Ve08.2h10_v1.0.pep.all.fa,930991,DNA,1
Penicilliopsis_zonata_cbs_506_65.Aspzo1.pep.all.fa,1073090,DNA,1
Penicillium_antarcticum.ASM207234v1.pep.all.fa,416450,DNA,1
Penicillium_arizonense.ASM177332v1.pep.all.fa,1835702,DNA,1
Penicillium_brasilianum.Pbras_Allpaths-LG.pep.all.fa,104259,DNA,1
Penicillium_camemberti_fm_013.PCAMFM013_20131106.pep.all.fa,1429867,DNA,1
Penicillium_chrysogenum.ASM71027v1.pep.all.fa,5076,DNA,1
Penicillium_coprophilum.ASM207240v1.pep.all.fa,36646,DNA,1
Penicillium_decumbens.ASM207224v1.pep.all.fa,69771,DNA,1
Penicillium_digitatum_phi26.PdigPHI26_v1.pep.all.fa,1170230,DNA,1
Penicillium_digitatum_pd1.PdigPd1_v1.pep.all.fa,1170229,DNA,1
Penicillium_expansum.PEX1.pep.all.fa,1314791,DNA,1
Penicillium_flavigenum.ASM207236v1.pep.all.fa,254877,DNA,1
Penicillium_freii.ASM151392v1.pep.all.fa,48697,DNA,1
Penicillium_griseofulvum.ASM156193v1.pep.all.fa,5078,DNA,1
Penicillium_italicum.ASM76976v1.pep.all.fa,40296,DNA,1
Penicillium_nordicum.ASM127859v1.pep.all.fa,229535,DNA,1
Penicillium_oxalicum_114_2.pde_v1.0.pep.all.fa,933388,DNA,1
Penicillium_polonicum.ASM207226v1.pep.all.fa,60169,DNA,1
Penicillium_roqueforti_fm164.PROQFM164_20130607.pep.all.fa,1365484,DNA,1
Penicillium_rubens_wisconsin_54_1255.PenChr_Nov2007.pep.all.fa,500485,DNA,1
Penicillium_solitum.ASM207223v1.pep.all.fa,60172,DNA,1
Penicillium_steckii.ASM207237v1.pep.all.fa,303698,DNA,1
Penicillium_subrubescens.ASM190812v1.pep.all.fa,1316194,DNA,1
Penicillium_vulpinum.ASM207225v1.pep.all.fa,29845,DNA,1
Peniophora_sp_cont.Ricme1.pep.all.fa,1314672,DNA,1
Pestalotiopsis_fici_w106_1.PFICI.pep.all.fa,1229662,DNA,1
Phaeoacremonium_minimum_ucrpa7.UCRPA7V03.pep.all.fa,1286976,DNA,1
Phaeomoniella_chlamydospora.UCRPA7V1.0.pep.all.fa,158046,DNA,1
Phanerochaete_carnosa_hhb_10118_sp.Phanerochaete_carnosa_HHB-10118-Sp_v1.0.pep.all.fa,650164,DNA,1
Phialocephala_scopiformis.Phisc1.pep.all.fa,149040,DNA,1
Phialocephala_subalpina.PAC_version_1.pep.all.fa,576137,DNA,1
Phialophora_americana.Capr_semi_CBS27337_V1.pep.all.fa,5601,DNA,1
Phialophora_attae.ASM129925v1.pep.all.fa,1664694,DNA,1
Phlebia_centrifuga.ASM191385v1.pep.all.fa,98765,DNA,1
Phlebiopsis_gigantea_11061_1_cr5_6.Phlgi1.pep.all.fa,745531,DNA,1
Phycomyces_blakesleeanus_nrrl_1555_.Phybl2.pep.all.fa,763407,DNA,1
Pichia_kudriavzevii.ASM76445v1.pep.all.fa,4909,DNA,1
Pichia_membranifaciens.P_membrenifaciens-1.0.pep.all.fa,4926,DNA,1
Pichia_membranifaciens_nrrl_y_2026.Picme2.pep.all.fa,763406,DNA,1
Piloderma_croceum_f_1598.Piloderma_croceum_F_1598_v1.0.pep.all.fa,765440,DNA,1
Pisolithus_microcarpus_441.Pisolithus_microcarpus_441_v1.0.pep.all.fa,765257,DNA,1
Pisolithus_tinctorius_marx_270.Pisolithus_tinctorius_Marx_270_v1.0.pep.all.fa,870435,DNA,1
Pleurotus_ostreatus_pc15.PleosPC15_2.pep.all.fa,1137138,DNA,1
Plicaturopsis_crispa_fd_325_ss_3.Plicr1.pep.all.fa,944288,DNA,1
Pneumocystis_carinii_b80.Pneu_cari_B80_V3.pep.all.fa,1408658,DNA,1
Pneumocystis_jirovecii_ru7.Pneu_jiro_RU7_V2.pep.all.fa,1408657,DNA,1
Pneumocystis_murina_b123.Pneumo_murina_B123_V4.pep.all.fa,1069680,DNA,1
Pochonia_chlamydosporia_170.ASM165323v1.pep.all.fa,1380566,DNA,1
Podospora_anserina_s_mat_.ASM22654v1.pep.all.fa,515849,DNA,1
Postia_placenta_mad_698_r.Postia_placenta_V1.0.pep.all.fa,561896,DNA,1
Pseudocercospora_fijiensis_cirad86.Mycfi2.pep.all.fa,383855,DNA,1
Pseudocercospora_musae.ASM157822v1.pep.all.fa,113226,DNA,1
Pseudogymnoascus_destructans_20631_21.Geom_destructans_V1.pep.all.fa,658429,DNA,1
Pseudogymnoascus_sp_03vt05.ASM166264v1.pep.all.fa,1622148,DNA,1
Pseudogymnoascus_sp_05ny08.ASM166260v1.pep.all.fa,1622149,DNA,1
Pseudogymnoascus_sp_23342_1_i1.ASM166257v1.pep.all.fa,1524831,DNA,1
Pseudogymnoascus_sp_24mn13.ASM166259v1.pep.all.fa,1622150,DNA,1
Pseudogymnoascus_sp_vkm_f_103.DG30.pep.all.fa,1420912,DNA,1
Pseudogymnoascus_sp_vkm_f_3557.DG3.pep.all.fa,1437433,DNA,1
Pseudogymnoascus_sp_vkm_f_3775.DG4.pep.all.fa,1420901,DNA,1
Pseudogymnoascus_sp_vkm_f_3808.DG1.pep.all.fa,1391699,DNA,1
Pseudogymnoascus_sp_vkm_f_4246.DG5.pep.all.fa,1420902,DNA,1
Pseudogymnoascus_sp_vkm_f_4281_fw_2241_.DG6.pep.all.fa,1420906,DNA,1
Pseudogymnoascus_sp_vkm_f_4513_fw_928_.DG7.pep.all.fa,1420907,DNA,1
Pseudogymnoascus_sp_vkm_f_4514_fw_929_.DG8.pep.all.fa,1420908,DNA,1
Pseudogymnoascus_sp_vkm_f_4515_fw_2607_.DG10.pep.all.fa,1420909,DNA,1
Pseudogymnoascus_sp_vkm_f_4516_fw_969_.DG11.pep.all.fa,1420910,DNA,1
Pseudogymnoascus_sp_vkm_f_4517_fw_2822_.DG13.pep.all.fa,1420911,DNA,1
Pseudogymnoascus_sp_vkm_f_4518_fw_2643_.DG36.pep.all.fa,1420913,DNA,1
Pseudogymnoascus_sp_vkm_f_4519_fw_2642_.DG38.pep.all.fa,1420914,DNA,1
Pseudogymnoascus_sp_vkm_f_4520_fw_2644_.DG39.pep.all.fa,1420915,DNA,1
Pseudogymnoascus_sp_wsf_3629.ASM166258v1.pep.all.fa,1622147,DNA,1
Pseudogymnoascus_verrucosus.ASM166265v1.pep.all.fa,342668,DNA,1
Pseudoloma_neurophilia.ASM143216v1.pep.all.fa,146866,DNA,1
Pseudozyma_hubeiensis_sy62.ASM40351v1.pep.all.fa,1305764,DNA,1
Puccinia_graminis.ASM14992v1.pep.all.fa,418459,DNA,1
Puccinia_graminisug99.v1.pep.all.fa,1040990,DNA,1
Puccinia_sorghi.ASM126337v1.pep.all.fa,27349,DNA,1
Puccinia_striiformis.PST-130_1.0.pep.all.fa,875184,DNA,1
Puccinia_striiformis_f_sp_tritici_pst_78.P_striiformis_V1.pep.all.fa,1165861,DNA,1
Puccinia_triticina.ASM15152v1.pep.all.fa,630390,DNA,1
Punctularia_strigosozonata_hhb_11173_ss5.Punctularia_strigosozonata_v1.0.pep.all.fa,741275,DNA,1
Purpureocillium_lilacinum.ASM165320v1.pep.all.fa,33203,DNA,1
Pyrenochaeta_sp_ds3say3a.Pyrsp1.pep.all.fa,765867,DNA,1
Pyrenophora_teres.GCA_000166005.1.pep.all.fa,861557,DNA,1
Pyrenophora_triticirepentis.GCA_000149985.1.pep.all.fa,426418,DNA,1
Pyronema_omphalodes_cbs_100304.Pcon_v1.pep.all.fa,1076935,DNA,1
Rachicladosporium_antarcticum.ASM207706v1.pep.all.fa,1507870,DNA,1
Rasamsonia_emersonii_cbs_393_64.ASM96859v1.pep.all.fa,1408163,DNA,1
Rhinocladiella_mackenziei_cbs_650_93.Rhin_mack_CBS_650_93_V1.pep.all.fa,1442369,DNA,1
Rhizoctonia_solani.AG22IIIB.pep.all.fa,456999,DNA,1
Rhizoctonia_solani_123e.Rhizoctonia_solani_123E_v1.pep.all.fa,1423351,DNA,1
Rhizoctonia_solani_ag_1_ia.Rhisol_AG1IA_1.0.pep.all.fa,983506,DNA,1
Rhizoctonia_solani_ag_1_ib.ASM35025v1.pep.all.fa,1108050,DNA,1
Rhizoctonia_solani_ag_3_rhs1ap.Rhizoctonia_solani_AG-3.pep.all.fa,1086054,DNA,1
Rhizoctonia_solani_ag_8_wac10335.RSAG8-1.V1.pep.all.fa,1287689,DNA,1
Rhizophagus_irregularis_daom_181602_gca_000439145.Gloin1.pep.all.fa,747089,DNA,1
Rhizophagus_irregularis_daom_197198w_gca_000597685.Rir.pep.all.fa,1432141,DNA,1
Rhizopogon_vesiculosus.Rves_AM-OR11-056_1.0.pep.all.fa,180088,DNA,1
Rhizopogon_vinicolor_am_or11_026.Rhivi1.pep.all.fa,1314800,DNA,1
Rhizopus_delemar_ra_99_880.RO3.pep.all.fa,246409,DNA,1
Rhizopus_microsporus_var_microsporus.Rhimi_ATCC52814_1.pep.all.fa,86635,DNA,1
Rhodotorula_graminis_wp1.Rhoba1_1.pep.all.fa,578459,DNA,1
Rhodotorula_sp_jg_1b.Rhosp1.pep.all.fa,1305733,DNA,1
Rhodotorula_toruloides_atcc_204091.R.glutinis2.pep.all.fa,1001064,DNA,1
Rhodotorula_toruloides.IFO0880_HGAP3_v1.pep.all.fa,1165933,DNA,1
Rhodotorula_toruloides_np11.RHOziaDV1.0.pep.all.fa,1130832,DNA,1
Rhynchosporium_agropyri.version_1.pep.all.fa,914238,DNA,1
Rhynchosporium_commune.version_1.pep.all.fa,914237,DNA,1
Rhynchosporium_secalis.version_1.pep.all.fa,38038,DNA,1
Rozella_allomycis_csf55.Rozella_k41_t100.pep.all.fa,988480,DNA,1
Saccharomyces_arboricola_h_6.SacArb1.0.pep.all.fa,1160507,DNA,1
Saccharomyces_cerevisiae_awri796.ScAWRI796_v01.pep.all.fa,764097,DNA,1
Saccharomyces_cerevisiae_cen_pk113_7d.ASM26988v1.pep.all.fa,889517,DNA,1
Saccharomyces_cerevisiae_ec1118.ASM21897v1.pep.all.fa,643680,DNA,1
Saccharomyces_cerevisiae_kyokai_no_7.K7_1.0.pep.all.fa,721032,DNA,1
Saccharomyces_cerevisiae_lalvin_qa23.ScQA23_v01.pep.all.fa,764098,DNA,1
Saccharomyces_cerevisiae_p283.P283.pep.all.fa,1177187,DNA,1
Saccharomyces_cerevisiae_p301.p301.pep.all.fa,1182968,DNA,1
Saccharomyces_cerevisiae_r008.R008.pep.all.fa,1182966,DNA,1
Saccharomyces_cerevisiae_r103.R103.pep.all.fa,1182967,DNA,1
Saccharomyces_cerevisiae_rm11_1a.ASM14936v1.pep.all.fa,285006,DNA,1
Saccharomyces_cerevisiae_vl3.ScVL3_v01.pep.all.fa,764099,DNA,1
Saccharomyces_cerevisiae_vin13.ScVIN13_v01.pep.all.fa,764100,DNA,1
Saccharomyces_cerevisiae_x_saccharomyces_kudriavzevii_vin7.ASM32610v1.pep.all.fa,1296266,DNA,1
Saccharomyces_cerevisiae_yjm1078.Sc_YJM1078_v1.pep.all.fa,1292971,DNA,1
Saccharomyces_cerevisiae_yjm1083.Sc_YJM1083_v1.pep.all.fa,1293430,DNA,1
Saccharomyces_cerevisiae_yjm1129.Sc_YJM1129_v1.pep.all.fa,1294333,DNA,1
Saccharomyces_cerevisiae_yjm1133.Sc_YJM1133_v1.pep.all.fa,1294334,DNA,1
Saccharomyces_cerevisiae_yjm1190.Sc_YJM1190_v1.pep.all.fa,1294335,DNA,1
Saccharomyces_cerevisiae_yjm1199.Sc_YJM1199_v1.pep.all.fa,1294336,DNA,1
Saccharomyces_cerevisiae_yjm1202.Sc_YJM1202_v1.pep.all.fa,1294337,DNA,1
Saccharomyces_cerevisiae_yjm1208.Sc_YJM1208_v1.pep.all.fa,1294338,DNA,1
Saccharomyces_cerevisiae_yjm1242.Sc_YJM1242_v1.pep.all.fa,1294339,DNA,1
Saccharomyces_cerevisiae_yjm1244.Sc_YJM1244_v1.pep.all.fa,1294340,DNA,1
Saccharomyces_cerevisiae_yjm1248.Sc_YJM1248_v1.pep.all.fa,1294341,DNA,1
Saccharomyces_cerevisiae_yjm1250.Sc_YJM1250_v1.pep.all.fa,1294342,DNA,1
Saccharomyces_cerevisiae_yjm1252.Sc_YJM1252_v1.pep.all.fa,1294343,DNA,1
Saccharomyces_cerevisiae_yjm1273.Sc_YJM1273_v1.pep.all.fa,1294344,DNA,1
Saccharomyces_cerevisiae_yjm1304.Sc_YJM1304_v1.pep.all.fa,1294345,DNA,1
Saccharomyces_cerevisiae_yjm1307.Sc_YJM1307_v1.pep.all.fa,1294346,DNA,1
Saccharomyces_cerevisiae_yjm1311.Sc_YJM1311_v1.pep.all.fa,1294347,DNA,1
Saccharomyces_cerevisiae_yjm1326.Sc_YJM1326_v1.pep.all.fa,1294348,DNA,1
Saccharomyces_cerevisiae_yjm1332.Sc_YJM1332_v1.pep.all.fa,1294349,DNA,1
Saccharomyces_cerevisiae_yjm1336.Sc_YJM1336_v1.pep.all.fa,1294350,DNA,1
Saccharomyces_cerevisiae_yjm1338.Sc_YJM1338_v1.pep.all.fa,1294351,DNA,1
Saccharomyces_cerevisiae_yjm1341.Sc_YJM1341_v1.pep.all.fa,1294352,DNA,1
Saccharomyces_cerevisiae_yjm1342.Sc_YJM1342_v1.pep.all.fa,1294353,DNA,1
Saccharomyces_cerevisiae_yjm1355.Sc_YJM1355_v1.pep.all.fa,1294354,DNA,1
Saccharomyces_cerevisiae_yjm1356.Sc_YJM1356_v1.pep.all.fa,1294355,DNA,1
Saccharomyces_cerevisiae_yjm1381.Sc_YJM1381_v1.pep.all.fa,1294356,DNA,1
Saccharomyces_cerevisiae_yjm1383.Sc_YJM1383_v1.pep.all.fa,1294357,DNA,1
Saccharomyces_cerevisiae_yjm1385.Sc_YJM1385_v1.pep.all.fa,1294358,DNA,1
Saccharomyces_cerevisiae_yjm1386.Sc_YJM1386_v1.pep.all.fa,1294359,DNA,1
Saccharomyces_cerevisiae_yjm1387.Sc_YJM1387_v1.pep.all.fa,1294360,DNA,1
Saccharomyces_cerevisiae_yjm1388.Sc_YJM1388_v1.pep.all.fa,1294361,DNA,1
Saccharomyces_cerevisiae_yjm1389.Sc_YJM1389_v1.pep.all.fa,1294362,DNA,1
Saccharomyces_cerevisiae_yjm1399.Sc_YJM1399_v1.pep.all.fa,1294363,DNA,1
Saccharomyces_cerevisiae_yjm1400.Sc_YJM1400_v1.pep.all.fa,1294364,DNA,1
Saccharomyces_cerevisiae_yjm1401.Sc_YJM1401_v1.pep.all.fa,1294365,DNA,1
Saccharomyces_cerevisiae_yjm1402.Sc_YJM1402_v1.pep.all.fa,1294366,DNA,1
Saccharomyces_cerevisiae_yjm1415.Sc_YJM1415_v1.pep.all.fa,1294367,DNA,1
Saccharomyces_cerevisiae_yjm1417.Sc_YJM1417_v1.pep.all.fa,1294368,DNA,1
Saccharomyces_cerevisiae_yjm1418.Sc_YJM1418_v1.pep.all.fa,1294369,DNA,1
Saccharomyces_cerevisiae_yjm1419.Sc_YJM1419_v1.pep.all.fa,1294370,DNA,1
Saccharomyces_cerevisiae_yjm1433.Sc_YJM1433_v1.pep.all.fa,1294371,DNA,1
Saccharomyces_cerevisiae_yjm1434.Sc_YJM1434_v1.pep.all.fa,1294372,DNA,1
Saccharomyces_cerevisiae_yjm1439.Sc_YJM1439_v1.pep.all.fa,1294373,DNA,1
Saccharomyces_cerevisiae_yjm1443.Sc_YJM1443_v1.pep.all.fa,1294374,DNA,1
Saccharomyces_cerevisiae_yjm1444.Sc_YJM1444_v1.pep.all.fa,1294375,DNA,1
Saccharomyces_cerevisiae_yjm1447.Sc_YJM1447_v1.pep.all.fa,1294376,DNA,1
Saccharomyces_cerevisiae_yjm1450.Sc_YJM1450_v1.pep.all.fa,1294377,DNA,1
Saccharomyces_cerevisiae_yjm1460.Sc_YJM1460_v1.pep.all.fa,1294378,DNA,1
Saccharomyces_cerevisiae_yjm1463.Sc_YJM1463_v1.pep.all.fa,1294379,DNA,1
Saccharomyces_cerevisiae_yjm1477.Sc_YJM1477_v1.pep.all.fa,1294380,DNA,1
Saccharomyces_cerevisiae_yjm1478.Sc_YJM1478_v1.pep.all.fa,1294381,DNA,1
Saccharomyces_cerevisiae_yjm1479.Sc_YJM1479_v1.pep.all.fa,1294382,DNA,1
Saccharomyces_cerevisiae_yjm1526.Sc_YJM1526_v1.pep.all.fa,1294383,DNA,1
Saccharomyces_cerevisiae_yjm1527.Sc_YJM1527_v1.pep.all.fa,1294384,DNA,1
Saccharomyces_cerevisiae_yjm1549.Sc_YJM1549_v1.pep.all.fa,1294385,DNA,1
Saccharomyces_cerevisiae_yjm1573.Sc_YJM1573_v1.pep.all.fa,1294386,DNA,1
Saccharomyces_cerevisiae_yjm1574.Sc_YJM1574_v1.pep.all.fa,1294387,DNA,1
Saccharomyces_cerevisiae_yjm1592.Sc_YJM1592_v1.pep.all.fa,1294388,DNA,1
Saccharomyces_cerevisiae_yjm1615.Sc_YJM1615_v1.pep.all.fa,1294303,DNA,1
Saccharomyces_cerevisiae_yjm189.Sc_YJM189_v1.pep.all.fa,1294304,DNA,1
Saccharomyces_cerevisiae_yjm193.Sc_YJM193_v1.pep.all.fa,1294305,DNA,1
Saccharomyces_cerevisiae_yjm195.Sc_YJM195_v1.pep.all.fa,1294306,DNA,1
Saccharomyces_cerevisiae_yjm244.Sc_YJM244_v1.pep.all.fa,1294307,DNA,1
Saccharomyces_cerevisiae_yjm248.Sc_YJM248_v1.pep.all.fa,1294308,DNA,1
Saccharomyces_cerevisiae_yjm270.Sc_YJM270_v1.pep.all.fa,1294309,DNA,1
Saccharomyces_cerevisiae_yjm271.Sc_YJM271_v1.pep.all.fa,947042,DNA,1
Saccharomyces_cerevisiae_yjm320.Sc_YJM320_v1.pep.all.fa,468558,DNA,1
Saccharomyces_cerevisiae_yjm326.Sc_YJM326_v1.pep.all.fa,947044,DNA,1
Saccharomyces_cerevisiae_yjm428.Sc_YJM428_v1.pep.all.fa,1294310,DNA,1
Saccharomyces_cerevisiae_yjm450.Sc_YJM450_v1.pep.all.fa,502869,DNA,1
Saccharomyces_cerevisiae_yjm451.Sc_YJM451_v1.pep.all.fa,1294311,DNA,1
Saccharomyces_cerevisiae_yjm453.Sc_YJM453_v1.pep.all.fa,1294312,DNA,1
Saccharomyces_cerevisiae_yjm456.Sc_YJM456_v1.pep.all.fa,1294313,DNA,1
Saccharomyces_cerevisiae_yjm470.Sc_YJM470_v1.pep.all.fa,1294314,DNA,1
Saccharomyces_cerevisiae_yjm541.Sc_YJM541_v1.pep.all.fa,1294315,DNA,1
Saccharomyces_cerevisiae_yjm554.Sc_YJM554_v1.pep.all.fa,1294316,DNA,1
Saccharomyces_cerevisiae_yjm555.Sc_YJM555_v1.pep.all.fa,1294317,DNA,1
Saccharomyces_cerevisiae_yjm627.Sc_YJM627_v1.pep.all.fa,1294318,DNA,1
Saccharomyces_cerevisiae_yjm681.Sc_YJM681_v1.pep.all.fa,1294319,DNA,1
Saccharomyces_cerevisiae_yjm682.Sc_YJM682_v1.pep.all.fa,1294320,DNA,1
Saccharomyces_cerevisiae_yjm683.Sc_YJM683_v1.pep.all.fa,1294321,DNA,1
Saccharomyces_cerevisiae_yjm689.Sc_YJM689_v1.pep.all.fa,1294322,DNA,1
Saccharomyces_cerevisiae_yjm693.Sc_YJM693_v1.pep.all.fa,307796,DNA,1
Saccharomyces_cerevisiae_yjm789.ASM18143v1.pep.all.fa,1294323,DNA,1
Saccharomyces_cerevisiae_yjm969.Sc_YJM969_v1.pep.all.fa,1294324,DNA,1
Saccharomyces_cerevisiae_yjm972.Sc_YJM972_v1.pep.all.fa,1294325,DNA,1
Saccharomyces_cerevisiae_yjm975.Sc_YJM975_v1.pep.all.fa,1294326,DNA,1
Saccharomyces_cerevisiae_yjm978.Sc_YJM978_v1.pep.all.fa,1294327,DNA,1
Saccharomyces_cerevisiae_yjm981.Sc_YJM981_v1.pep.all.fa,1294328,DNA,1
Saccharomyces_cerevisiae_yjm984.Sc_YJM984_v1.pep.all.fa,1294329,DNA,1
Saccharomyces_cerevisiae_yjm987.Sc_YJM987_v1.pep.all.fa,1294330,DNA,1
Saccharomyces_cerevisiae_yjm990.Sc_YJM990_v1.pep.all.fa,1294331,DNA,1
Saccharomyces_cerevisiae_yjm993.Sc_YJM993_v1.pep.all.fa,1294332,DNA,1
Saccharomyces_cerevisiae.R64-1-1.pep.all.fa,559292,DNA,1
Saccharomyces_cerevisiae_yjm996.Sc_YJM996_v1.pep.all.fa,1095631,DNA,1
Saccharomyces_cerevisiae_fostersb.ScFostersB_v01.pep.all.fa,764102,DNA,1
Saccharomyces_cerevisiae_fosterso.ScFostersO_v01.pep.all.fa,764101,DNA,1
Saccharomyces_eubayanus.SEUB3.0.pep.all.fa,1080349,DNA,1
Saccharomyces_kudriavzevii_ifo_1802.Saccharomyces_kudriavzevii_strain_IFO1802_v1.0.pep.all.fa,226230,DNA,1
Saccharomyces_sp_boulardii_.ASM129837v2.pep.all.fa,252598,DNA,1
Saccharomycetaceae_sp_ashbya_aceri_.ASM41222v2.pep.all.fa,566037,DNA,1
Saitoella_complicata_nrrl_y_17804.Scomplicata_3.0.pep.all.fa,698492,DNA,1
Scedosporium_apiospermum.ScApio1.0.pep.all.fa,563466,DNA,1
Scheffersomyces_stipitis_cbs_6054.ASM20916v1.pep.all.fa,322104,DNA,1
Schizophyllum_commune_h4_8.v1.0.pep.all.fa,578458,DNA,1
Schizopora_paradoxa.Schpa1.pep.all.fa,27342,DNA,1
Schizosaccharomyces_cryophilus.GCA_000004155.2.pep.all.fa,653667,DNA,1
Schizosaccharomyces_japonicus.GCA_000149845.2.pep.all.fa,402676,DNA,1
Schizosaccharomyces_octosporus.GCA_000150505.2.pep.all.fa,483514,DNA,1
Schizosaccharomyces_pombe.ASM294v2.pep.all.fa,284812,DNA,1
Scleroderma_citrinum_foug_a.Scleroderma_citrinum_Foug_A_v1.0.pep.all.fa,1036808,DNA,1
Sclerotinia_borealis_f_4128.SBOR_1.pep.all.fa,1432307,DNA,1
Sclerotinia_sclerotiorum_1980_uf_70.ASM185786v1.pep.all.fa,665079,DNA,1
Serendipita_indica_dsm_11827.ASM31354v1.pep.all.fa,1109443,DNA,1
Serendipita_vermifera_maff_305830.Sebacina_vermifera_MAFF_305830_v1.0.pep.all.fa,933852,DNA,1
Serpula_lacrymans_var_lacrymans_s7_3.v1.0.pep.all.fa,936435,DNA,1
Serpula_lacrymans_var_lacrymans_s7_9.v1.0.pep.all.fa,578457,DNA,1
Setosphaeria_turcica_et28a.Setospaeria_trucica_Et28A_v1.0.pep.all.fa,671987,DNA,1
Sistotremastrum_niveocremeum_hhb9708.Sisni1.pep.all.fa,1314777,DNA,1
Sistotremastrum_suecicum_hhb10207_ss_3.Sissu1.pep.all.fa,1314776,DNA,1
Sordaria_macrospora.ASM18280v2.pep.all.fa,771870,DNA,1
Spathaspora_passalidarum_nrrl_y_27907.Spathaspora_passalidarum_v2.0.pep.all.fa,619300,DNA,1
Sphaerobolus_stellatus_ss14.Sphst1.pep.all.fa,990650,DNA,1
Sphaerulina_musiva_so2202.Septoria_musiva_SO2202_v1.0.pep.all.fa,692275,DNA,1
Spizellomyces_punctatus_daom_br117.S_punctatus_V1.pep.all.fa,645134,DNA,1
Sporidiobolus_salmonicolor.SPOSA68321A01.pep.all.fa,5005,DNA,1
Sporisorium_reilianum.GCA_000230245.1.pep.all.fa,999809,DNA,1
Sporisorium_scitamineum.Sporisorium_scitamineum.pep.all.fa,49012,DNA,1
Sporothrix_brasiliensis_5110.S_brasiliensis_5110_v1.pep.all.fa,1398154,DNA,1
Sporothrix_insectorum_rcef_264.SPI_1.0.pep.all.fa,1081102,DNA,1
Sporothrix_schenckii_1099_18.S_schenckii_v1.pep.all.fa,1397361,DNA,1
Sporothrix_schenckii_atcc_58251.Spor_sche_ATCC58251_V1.pep.all.fa,1391915,DNA,1
Spraguea_lophii_42_110.Sprlop1.0.pep.all.fa,1358809,DNA,1
Stachybotrys_chartarum_ibt_40288.S40288v1.pep.all.fa,1283842,DNA,1
Stachybotrys_chartarum_ibt_40293.S40293v1.pep.all.fa,1280524,DNA,1
Stachybotrys_chartarum_ibt_7711.S7711v1.pep.all.fa,1280523,DNA,1
Stachybotrys_chlorohalonata_ibt_40285.S40285v1.pep.all.fa,1283841,DNA,1
Stagonospora_sp_src1lsm3a.Stasp1.pep.all.fa,765868,DNA,1
Stemphylium_lycopersici.ASM119154v1.pep.all.fa,183478,DNA,1
Stereum_hirsutum_fp_91666_ss1.Stehi1.pep.all.fa,721885,DNA,1
Sugiyamaella_lignohabitans.ASM164002v2.pep.all.fa,796027,DNA,1
Suillus_luteus_uh_slu_lm8_n1.Suilu1.pep.all.fa,930992,DNA,1
Talaromyces_cellulolyticus.TcelY94_1.0.pep.all.fa,1472165,DNA,1
Talaromyces_islandicus.PIS.pep.all.fa,28573,DNA,1
Talaromyces_marneffei_atcc_18224.JCVI-PMFA1-2.0.pep.all.fa,441960,DNA,1
Talaromyces_marneffei_pm1.ASM75011v1.pep.all.fa,1077442,DNA,1
Talaromyces_stipitatus_atcc_10500.JCVI-TSTA1-3.0.pep.all.fa,441959,DNA,1
Termitomyces_sp_j132.TerJ1321.0.pep.all.fa,1306850,DNA,1
Tetrapisispora_blattae_cbs_6284.ASM31591v1.pep.all.fa,1071380,DNA,1
Tetrapisispora_phaffii_cbs_4417.ASM23690v1.pep.all.fa,1071381,DNA,1
Thermothelomyces_thermophila_atcc_42464.ASM22609v1.pep.all.fa,573729,DNA,1
Thielavia_terrestris_nrrl_8126.ASM22611v1.pep.all.fa,578455,DNA,1
Thielaviopsis_punctulata.ASM96861v1.pep.all.fa,72032,DNA,1
Tilletia_caries.ASM164500v1.pep.all.fa,13290,DNA,1
Tilletia_controversa.ASM164504v1.pep.all.fa,13291,DNA,1
Tilletia_indica.ASM164501v1.pep.all.fa,43049,DNA,1
Tilletia_walkeri.ASM164505v1.pep.all.fa,117179,DNA,1
Tilletiaria_anomala_ubc_951.Tilletiaria_anomala_UBC_951_v1.0.pep.all.fa,1037660,DNA,1
Tolypocladium_ophioglossoides_cbs_100239.Tophv1.0.pep.all.fa,1163406,DNA,1
Torrubiella_hemipterigena.Allpaths-LG.pep.all.fa,1531966,DNA,1
Tortispora_caseinolytica_nrrl_y_17796.Canca1.pep.all.fa,767744,DNA,1
Torulaspora_delbrueckii.ASM24337v1.pep.all.fa,1076872,DNA,1
Trachipleistophora_hominis.ASM31613v1.pep.all.fa,72359,DNA,1
Trametes_cinnabarina.BN946.pep.all.fa,5643,DNA,1
Trametes_pubescens.ASM189594v1.pep.all.fa,154538,DNA,1
Trametes_versicolor_fp_101664_ss1.Trametes_versicolor_v1.0.pep.all.fa,717944,DNA,1
Tremella_mesenterica_dsm_1558.Treme1.pep.all.fa,578456,DNA,1
Trichoderma_atroviride_imi_206040.TRIAT_v2.0.pep.all.fa,452589,DNA,1
Trichoderma_gamsii.ASM148177v1.pep.all.fa,398673,DNA,1
Trichoderma_guizhouense.ASM202278v1.pep.all.fa,1491466,DNA,1
Trichoderma_reesei_rut_c_30.TrireRUTC30_1.pep.all.fa,1344414,DNA,1
Trichoderma_virens.ASM17099v1.pep.all.fa,413071,DNA,1
Trichophyton_benhamiae_cbs_112371.ASM15112v2.pep.all.fa,663331,DNA,1
Trichophyton_equinum_cbs_127_97.ASM15117v1.pep.all.fa,559882,DNA,1
Trichophyton_interdigitale_h6.Tric_rubr_H6_V2.pep.all.fa,1215336,DNA,1
Trichophyton_interdigitale_mr816.Tric_inte_MR816_V1.pep.all.fa,1215338,DNA,1
Trichophyton_rubrum_cbs_100081.Tric_fish_CBS_100081_V1.pep.all.fa,1215328,DNA,1
Trichophyton_rubrum_cbs_118892.ASM15142v1.pep.all.fa,559305,DNA,1
Trichophyton_rubrum_cbs_202_88.Tric_raub_CBS_202_88_V2.pep.all.fa,1215334,DNA,1
Trichophyton_rubrum_cbs_288_86.Tric_fish_CBS_288_86_V1.pep.all.fa,1215330,DNA,1
Trichophyton_rubrum_cbs_289_86.Tric_kane_CBS_289_86_V1.pep.all.fa,1215329,DNA,1
Trichophyton_rubrum_cbs_735_88.Tric_megn_CBS_735_88_V1.pep.all.fa,1215332,DNA,1
Trichophyton_rubrum_d6.Tric_rubr_D6_V1.pep.all.fa,1215335,DNA,1
Trichophyton_rubrum_mr1448.Tric_rubr_M1448_V1.pep.all.fa,1215339,DNA,1
Trichophyton_rubrum_mr1459.Tric_rubr_MR1459_V1.pep.all.fa,1215341,DNA,1
Trichophyton_rubrum_mr850.Tric_rubr_MR-850_V1.pep.all.fa,1215337,DNA,1
Trichophyton_soudanense_cbs_452_61.Tric_soud_CBS_452_61_V1.pep.all.fa,1215331,DNA,1
Trichophyton_tonsurans_cbs_112818.ASM15145v1.pep.all.fa,647933,DNA,1
Trichophyton_verrucosum_hki_0517.ASM15150v1.pep.all.fa,663202,DNA,1
Trichophyton_violaceum.CMCC_F_T3l.pep.all.fa,34388,DNA,1
Trichosporon_asahii_var_asahii_cbs_2479.Trichosporon_asahii_1.pep.all.fa,1186058,DNA,1
Trichosporon_asahii_var_asahii_cbs_8904.ASM29921v2.pep.all.fa,1220162,DNA,1
Tsuchiyaea_wingfieldii_cbs_7118.Tsuc_wing_CBS7118_V1.pep.all.fa,1295528,DNA,1
Tuber_melanosporum.ASM15164v1.pep.all.fa,656061,DNA,1
Tulasnella_calospora_mut_4182.Tulasnella_calospora_AL13_4D_v1.0.pep.all.fa,1051891,DNA,1
Umbilicaria_pustulata.Lasallia_pustulata_v1.pep.all.fa,136370,DNA,1
Uncinocarpus_reesii_1704.ASM351v2.pep.all.fa,336963,DNA,1
Ustilaginoidea_virens.Assembly_for_version_1_of_the_Villosiclava_virens_genome.pep.all.fa,1159556,DNA,1
Ustilago_bromivora.UBRO_v3.pep.all.fa,307758,DNA,1
Ustilago_maydis.Umaydis521_2.0.pep.all.fa,237631,DNA,1
Valsa_mali.ASM81815v1.pep.all.fa,105487,DNA,1
Valsa_mali_var_pyri.ASM81338v1.pep.all.fa,694573,DNA,1
Vanderwaltozyma_polyspora_dsm_70294.ASM15003v1.pep.all.fa,436907,DNA,1
Vavraia_culicis_subsp_floridensis.Vavr_culi_floridensis_V1.pep.all.fa,948595,DNA,1
Verruconis_gallopava.O_gall_CBS43764.pep.all.fa,253628,DNA,1
Verticillium_alfalfae_vams_102.ASM15082v1.pep.all.fa,526221,DNA,1
Verticillium_dahliaejr2.VDAG_JR2v.4.0.pep.all.fa,1202531,DNA,1
Verticillium_dahliae.ASM15067v2.pep.all.fa,498257,DNA,1
Verticillium_longisporum.vl2.denovo.v1.pep.all.fa,100787,DNA,1
Vittaforma_corneae_atcc_50505.Vitt_corn_V1.pep.all.fa,993615,DNA,1
Wallemia_ichthyophaga_exf_994.Wallemia_ichthyophaga_version_1.0.pep.all.fa,1299270,DNA,1
Wallemia_mellicola_cbs_633_66.Wallemia_sebi_v1.0.pep.all.fa,671144,DNA,1
Wickerhamomyces_anomalus_nrrl_y_366_8.Wican1.pep.all.fa,683960,DNA,1
Wickerhamomyces_ciferrii.ASM31348v1.pep.all.fa,1041607,DNA,1
Xanthophyllomyces_dendrorhous.Xden1.pep.all.fa,5421,DNA,1
Xylona_heveae_tc161.Xylona_heveae_TC161_v1.0.pep.all.fa,1328760,DNA,1
Yarrowia_lipolytica.GCA_000002525.1.pep.all.fa,284591,DNA,1
Zygosaccharomyces_bailii_isa1307.Z_bailii_ISA1307_version_3.pep.all.fa,1355161,DNA,1
Zygosaccharomyces_parabailii.ASM198439v2.pep.all.fa,1365886,DNA,1
Zygosaccharomyces_rouxii.ASM2636v1.pep.all.fa,559307,DNA,1
Zymoseptoria_brevis.ASM96659v1.pep.all.fa,1047168,DNA,1
Zymoseptoria_tritici.MG2.pep.all.fa,336722,DNA,1
